forced,tsid,time,state,residuals,variance,ac1
True,0,-385288.0,-462.2,-1.2156907781118775,,
True,0,-384760.2989690722,-459.82625833838694,1.1722576023050237,,
True,0,-384232.59793814435,-455.18121503545586,5.8456579304586285,,
True,0,-383704.8969072165,-450.64275365203224,10.426509739813696,,
True,0,-383177.19587628864,-451.2892413428496,9.836276393957348,,
True,0,-382649.4948453608,-452.53555895618564,8.659840079116691,,
True,0,-382121.793814433,-457.1559576674036,4.122652751354451,,
True,0,-381594.09278350516,-459.2415706488781,2.1332449798542257,,
True,0,-381066.3917525773,-460.7995906062749,0.6840575022235384,,
True,0,-380538.6907216495,-462.71254356679015,-1.1078485296443432,,
True,0,-380010.9896907217,-463.9910899669597,-2.2535617267068346,,
True,0,-379483.2886597938,-463.2256822851324,-1.344023857988475,,
True,0,-378955.58762886596,-461.4058375823439,0.6307054168547666,,
True,0,-378427.88659793814,-458.5307750333649,3.670892199708078,,
True,0,-377900.1855670103,-454.35558081013073,8.020918978520854,,
True,0,-377372.4845360825,-453.65868422142177,8.901791610693863,,
True,0,-376844.78350515466,-457.4846644470294,5.268378269587743,,
True,0,-376317.08247422683,-460.85171789189695,2.1019260509268065,,
True,0,-375789.38144329895,-463.7570191030368,-0.595291749636317,,
True,0,-375261.6804123711,-465.40910958652825,-2.03237507226919,,
True,0,-374733.9793814433,-465.9638407545515,-2.3657011148974334,,
True,0,-374206.27835051547,-467.007330639755,-3.181885965774825,,
True,0,-373678.57731958764,-468.55811721899187,-4.499976810970622,,
True,0,-373150.8762886598,-469.8310652920962,-5.535339130034117,,
True,0,-372623.175257732,-471.314341466784,-6.7766134745951945,,
True,0,-372095.4742268041,-473.3443094148973,-8.560593998483853,,
True,0,-371567.7731958763,-473.78114801665873,-8.747889576287946,,
True,0,-371040.07216494845,-468.88019032513876,-3.5942805127355655,,
True,0,-370512.3711340206,-466.4927150234134,-0.951442109478819,,
True,0,-369984.6701030928,-465.17890664901165,0.6200717929216353,,
True,0,-369456.96907216497,-461.70392808936026,4.354737258970999,,
True,0,-368929.26804123714,-458.2191851152094,8.100763528191578,,
True,0,-368401.56701030926,-459.82265154639185,6.759821157965291,,
True,0,-367873.86597938143,-462.95032254174964,3.8955915559346295,,
True,0,-367346.1649484536,-462.66631110581415,4.443573099587695,,
True,0,-366818.4639175258,-462.50671811257814,4.867321484853619,,
True,0,-366290.76288659795,-464.2172665456938,3.42079801234712,,
True,0,-365763.0618556701,-465.9349138270244,1.9666593020493792,,
True,0,-365235.36082474224,-468.7516889873785,-0.5875039550051042,,
True,0,-364707.6597938144,-470.7227329915686,-2.2971833148465635,,
True,0,-364179.9587628866,-468.96625555660637,-0.2809687750653893,,
True,0,-363652.25773195876,-468.09471987335417,0.848300061939085,,
True,0,-363124.55670103093,-470.4549917602422,-1.25661117968275,,
True,0,-362596.8556701031,-469.4134326645373,0.03753536597071161,,
True,0,-362069.1546391753,-468.52699669325034,1.1733494092662795,,
True,0,-361541.45360824745,-470.586069901936,-0.6399364919668642,,
True,0,-361013.75257731957,-470.1457147253423,0.042249228830939956,,
True,0,-360486.05154639174,-469.10843095907524,1.3170196109167023,,
True,0,-359958.3505154639,-468.41902170686825,2.23918627716904,20.234088810560227,0.8641935940472267
True,0,-359430.6494845361,-471.19329896907215,-0.3073892588264471,20.16032253912194,0.8635136071187204
True,0,-358902.94845360826,-472.9189778379099,-1.8107524186513047,20.34497818513725,0.8735222429581375
True,0,-358375.24742268043,-471.9806973586061,-0.6558667608948667,19.93178867732341,0.8789930204852162
True,0,-357847.54639175255,-472.34664225840646,-0.8112212662581442,18.096748450437477,0.8665963446683701
True,0,-357319.8453608247,-474.3988744916297,-2.659128210944459,16.56495179804988,0.8526949891506019
True,0,-356792.1443298969,-475.9780403083496,-4.040469026910785,15.54874622399191,0.858565988651535
True,0,-356264.44329896907,-475.20369976094423,-3.0750119656261745,15.447523916656436,0.8610197908564367
True,0,-355736.74226804124,-475.0898863721875,-2.776942092818217,15.526210130597958,0.8634511335639203
True,0,-355209.0412371134,-476.37497115635114,-3.8847442143332955,15.824395392740543,0.8666604935534424
True,0,-354681.3402061856,-477.199161216421,-4.538695784985578,16.211462498299515,0.8697211767204537
True,0,-354153.63917525776,-477.9137102395714,-5.090079013237755,16.624207431521466,0.873388903629018
True,0,-353625.9381443299,-478.6624669282,-5.682765722463046,17.213666268316704,0.8799943026703925
True,0,-353098.23711340205,-478.69312409587815,-5.564413694968096,17.75744192100342,0.8887918204174549
True,0,-352570.5360824742,-478.6758615611193,-5.405100332383881,17.890185370207924,0.8992196494108708
True,0,-352042.8350515464,-477.9032807324426,-4.49728604526922,16.587118036870944,0.8908080692693149
True,0,-351515.13402061857,-477.55859853578363,-4.0240142932224785,14.73713588297601,0.8882375229647947
True,0,-350987.43298969074,-477.88973375493475,-4.232996961736205,14.047254265332763,0.8916889449758244
True,0,-350459.73195876286,-477.78785837911056,-4.015169222465374,13.938251076065988,0.896899924131207
True,0,-349932.03092783503,-477.55684966747333,-3.6741575505873243,14.022483745883468,0.8990164821761114
True,0,-349404.3298969072,-475.80109762372086,-1.8140973579422166,14.018700973563229,0.8967733699366793
True,0,-348876.6288659794,-473.9001427438541,0.1857604572783771,14.06006453428778,0.8943898322203175
True,0,-348348.92783505155,-474.0874850155838,0.09219060717447292,14.042979239856855,0.8952198979900832
True,0,-347821.2268041237,-473.2767829402627,0.9918325501922709,13.9459772301175,0.8941210305324271
True,0,-347293.5257731959,-472.7071941275748,1.645770445025505,13.72338063573091,0.8924228859919341
True,0,-346765.8247422681,-472.74327851415484,1.6897216404428832,13.193433959189633,0.8894508670787962
True,0,-346238.1237113402,-472.2025586883617,2.30647166457004,12.15962974934188,0.8787722097331048
True,0,-345710.42268041236,-471.61046370883594,2.9708613429015713,11.048748219091223,0.8948452264739563
True,0,-345182.72164948453,-471.06347811390907,3.586645447877345,11.173444263265074,0.9025258312231401
True,0,-344655.0206185567,-471.43675856132023,3.278864202134855,11.432170674397304,0.9068850289246241
True,0,-344127.3195876289,-472.82167239404356,1.9563396779030313,11.51766608962897,0.9178180075515009
True,0,-343599.61855670105,-472.28910252355956,2.5483043320610363,11.238899576968402,0.9272041603171761
True,0,-343071.91752577317,-471.87955361887555,3.0143469400422305,9.99272323433773,0.9189946448598459
True,0,-342544.21649484534,-470.7494241470042,4.1981587325819305,9.365169679335894,0.9220825185721304
True,0,-342016.5154639175,-470.0551053910303,4.943433713562683,9.576286575190275,0.92252037389843
True,0,-341488.8144329897,-470.37708168120537,4.669695547511424,9.623014669825492,0.9228996699745986
True,0,-340961.11340206186,-474.05751909512077,1.0347677860241333,9.081538861761242,0.9087425518878537
True,0,-340433.41237113404,-477.09505486527416,-1.9600039012348134,8.798112902836618,0.8987330252454235
True,0,-339905.7113402062,-475.3390168159541,-0.16398615847708697,8.663904235171119,0.901752040964593
True,0,-339378.0103092783,-475.27382284872726,-0.061649532837634524,8.670525932792168,0.9051143710836885
True,0,-338850.3092783505,-476.99997078342165,-1.7535703214484784,8.638600024710998,0.9063407889326472
True,0,-338322.6082474227,-476.2747676187257,-0.9971697241080619,8.639239532622076,0.9071276483852498
True,0,-337794.90721649484,-476.5790356924504,-1.2733895318959867,8.600867664512753,0.9120858590503816
True,0,-337267.206185567,-477.003771635781,-1.6733217214218143,8.614627222565714,0.9140497320801112
True,0,-336739.5051546392,-477.2172046645259,-1.8652836794248628,8.631887863306611,0.9155462999651082
True,0,-336211.8041237113,-476.84222985872464,-1.4722692860891584,8.566505727855615,0.9189535476892978
True,0,-335684.1030927835,-478.06998854524636,-2.6854847861100666,8.640849555693972,0.9182363964677003
True,0,-335156.40206185565,-479.9062959491826,-4.510787672477818,8.901982729783272,0.9179791364959804
True,0,-334628.7010309278,-480.3827793814433,-4.979895322399557,9.128394040526176,0.9204143792576143
True,0,-334101.0,-480.3,-4.893420782937483,9.194247414530823,0.928904046358506
False,3,-385288.0,-1.2156907781118775,-4.055020921284574,,
False,3,-384760.2989690722,-1.6356633573376282,-4.470054010857648,,
False,3,-384232.59793814435,1.193725683850656,-1.630827314564976,,
False,3,-383704.8969072165,3.880482932893102,1.0707037239409374,,
False,3,-383177.19587628864,5.24167693196126,2.4515355213993155,,
False,3,-382649.4948453608,2.111316627042802,-0.6543746435813671,,
False,3,-382121.793814433,6.995397501643981,4.258883977894996,,
False,3,-381594.09278350516,4.78396912150691,2.081391705927432,,
False,3,-381066.3917525773,1.8723849946616857,-0.7916310081767834,,
False,3,-380538.6907216495,4.169334793733127,1.5484338755078455,,
False,3,-380010.9896907217,6.147847996683128,3.5745314488921367,,
False,3,-379483.2886597938,3.8725425012685752,1.3511549713217184,,
False,3,-378955.58762886596,3.277100188756583,0.8119000238409542,,
False,3,-378427.88659793814,6.336268066208037,3.931366309586144,,
False,3,-377900.1855670103,5.045181265055696,2.7044715471010567,,
False,3,-377372.4845360825,4.313248778354274,2.040399752816142,,
False,3,-376844.78350515466,5.785917177988079,3.5845136400740767,,
False,3,-376317.08247422683,5.677371627517997,3.5507808220842096,,
False,3,-375789.38144329895,4.415725860992455,2.3670620423545636,,
False,3,-375261.6804123711,4.268819923868462,2.300996849707147,,
False,3,-374733.9793814433,5.026348295980805,3.1419808365137376,,
False,3,-374206.27835051547,6.466620324301276,4.668069627266191,,
False,3,-373678.57731958764,4.341089687131291,2.630435823395578,,
False,3,-373150.8762886598,3.6409352109308295,2.019945739817543,,
False,3,-372623.175257732,-2.671697838726708,-4.201489565643841,,
False,3,-372095.4742268041,-2.7519200994889332,-4.189229600743735,,
False,3,-371567.7731958763,-0.34093135719654466,-1.6848038314958138,,
False,3,-371040.07216494845,1.5615820282641841,0.3117886025747083,,
False,3,-370512.3711340206,-4.342999336600719,-5.4983771194756725,,
False,3,-369984.6701030928,1.9901030629046645,0.9292026849462602,,
False,3,-369456.96907216497,-0.13438214477144816,-1.101016792889878,,
False,3,-368929.26804123714,-2.2596191705278867,-3.1324868401228767,,
False,3,-368401.56701030926,-4.639770826632482,-5.419631747153332,,
False,3,-367873.86597938143,1.4348051880987756,0.7469330827787537,,
False,3,-367346.1649484536,0.3380625031897735,-0.2590305272142509,,
False,3,-366818.4639175258,-1.804251524228838,-2.3120334212277824,,
False,3,-366290.76288659795,0.26179162164767145,-0.15839741098639715,,
False,3,-365763.0618556701,-4.337932959049817,-4.672422808241653,,
False,3,-365235.36082474224,-0.9173049511995766,-1.1681507743895558,,
False,3,-364707.6597938144,1.085160581584117,0.9157475505852078,,
False,3,-364179.9587628866,0.998434491301024,0.9081283141490772,,
False,3,-363652.25773195876,-1.892476804647617,-1.9061428541525598,,
False,3,-363124.55670103093,0.2617768228831572,0.32215298668600734,,
False,3,-362596.8556701031,0.6303862666046215,0.7621654641706703,,
False,3,-362069.1546391753,2.181386654364716,2.3818503242289926,,
False,3,-361541.45360824745,-0.028351360487247623,0.23798076696234316,,
False,3,-361013.75257731957,-3.9076379331102244,-3.5783488069631106,,
False,3,-360486.05154639174,1.2540023013989372,1.643393410709702,,
False,3,-359958.3505154639,3.4683638690669314,3.914918646671194,7.742988037432878,0.4506370972620572
False,3,-359430.6494845361,2.3153932138087576,2.8162150116771834,7.473831250654276,0.4303037708916496
False,3,-358902.94845360826,-1.3433328940737495,-0.7911599836197276,7.004929378842124,0.4031394829470824
False,3,-358375.24742268043,-3.454133462261515,-2.8534651450187116,7.142250868301102,0.4150640692969642
False,3,-357847.54639175255,-1.8698769918421128,-1.2235741407965541,7.189472859005742,0.4215855633948333
False,3,-357319.8453608247,-1.3304648889314026,-0.6413164748981606,7.119556971624359,0.43340646572140207
False,3,-356792.1443298969,-1.6914873564566715,-0.9623432753776828,7.1341371172147205,0.4583763158946922
False,3,-356264.44329896907,-0.33677092341756065,0.4296136889284823,6.805682486253013,0.44721084377980436
False,3,-355736.74226804124,-0.3257953912523385,0.4751101731316585,6.735537478348459,0.45621513006488235
False,3,-355209.0412371134,0.1866860858382146,1.0194956539988516,6.726606481047958,0.46246609815853995
False,3,-354681.3402061856,-5.1452289796361255,-4.283090109600623,7.105311570884685,0.4330549579800919
False,3,-354153.63917525776,-9.545115725176785,-8.656177754521401,8.403688449341864,0.4791833950481906
False,3,-353625.9381443299,1.4524802183748067,2.3657446980962815,8.486798240411055,0.3745170028275883
False,3,-353098.23711340205,2.1330420313518,3.0682730493441337,8.6761654568999,0.38522257865379816
False,3,-352570.5360824742,-2.935978426375585,-1.9810121056858963,8.408480417173017,0.34683296681969583
False,3,-352042.8350515464,-4.130098929778854,-3.157614309219584,8.407257277228638,0.34390420569989955
False,3,-351515.13402061857,-3.089155289855494,-2.101285271057495,8.354931300937618,0.3372155735314256
False,3,-350987.43298969074,0.39210405211630306,1.393323934735822,8.091331334752786,0.29781908180996913
False,3,-350459.73195876286,-1.8687948445458442,-0.8561697002064499,7.758438916460791,0.27288711811780175
False,3,-349932.03092783503,-0.742617118663848,0.2796076627413523,7.597077669829864,0.2548259992340068
False,3,-349404.3298969072,-6.531294725749215,-5.501196101357643,7.911541138396338,0.21215177093927706
False,3,-348876.6288659794,-0.4650228657664721,0.5712863297905508,7.633555761822744,0.13868354281553932
False,3,-348348.92783505155,1.5456755067219654,2.5866971080627206,7.250800816370749,0.10151772716467089
False,3,-347821.2268041237,1.6862357978269422,2.730521278199155,7.265341578652251,0.10777861114226162
False,3,-347293.5257731959,-0.014802859234743337,1.0313837481346895,7.168913304749779,0.15719690836286304
False,3,-346765.8247422681,4.70450027016216,5.751346782812152,7.790487535257622,0.15208831329379188
False,3,-346238.1237113402,2.044291680704813,3.0907082177552105,7.790127581702552,0.19492712216205502
False,3,-345710.42268041236,0.4511026693998852,1.4961273252833465,7.8361175118304045,0.21200417230685864
False,3,-345182.72164948453,-2.797306415057569,-1.7545890460310118,7.861210461733013,0.221520110050355
False,3,-344655.0206185567,-6.986439106835159,-5.946811346728261,7.959622630623277,0.2597781904925986
False,3,-344127.3195876289,-5.910870503548811,-4.874989171875023,8.31113225874082,0.3075936252888187
False,3,-343599.61855670105,-4.449462301835864,-3.4178965925792713,8.471109671141816,0.32707682074497296
False,3,-343071.91752577317,-1.1354330696081552,-0.10866265790212704,8.34190427552653,0.30127350266903774
False,3,-342544.21649484534,-0.34270250808929414,0.6789127055134511,7.867140356095798,0.32775590993179426
False,3,-342016.5154639175,1.8763668664694535,2.8925342615270484,8.067181889976537,0.3325318701037834
False,3,-341488.8144329897,4.618983132018775,5.629520164686392,8.808435061913103,0.36519514645028656
False,3,-340961.11340206186,-0.4072214136575072,0.5976430014280512,8.734348877146513,0.3629659938395317
False,3,-340433.41237113404,-0.4266044873463775,0.5725758243189158,8.747020508329241,0.37377063541621397
False,3,-339905.7113402062,-4.364114487132218,-3.370530527407373,8.539083222511001,0.36101843796061284
False,3,-339378.0103092783,-4.162424206398041,-3.174283563378491,8.70423951482558,0.3797210829911623
False,3,-338850.3092783505,-1.5461925848062352,-0.5632409909372618,8.679145020936124,0.37589454490923435
False,3,-338322.6082474227,-0.8350304313957457,0.14307653250868424,8.654297938482264,0.38200848548515914
False,3,-337794.90721649484,-0.7798227544806405,0.19380048841986808,8.600405395287394,0.3858793671111805
False,3,-337267.206185567,0.3881049461879563,1.3576757499473486,8.645630108931366,0.3855271539200123
False,3,-336739.5051546392,-0.24828950507591452,0.7176969109268142,8.643892011757393,0.384993462456749
False,3,-336211.8041237113,-5.194076112497658,-4.2311097889204,8.825352836163445,0.36837731799900614
False,3,-335684.1030927835,-3.3857164876145656,-2.4252398746473474,8.906681964835213,0.38809372140994686
False,3,-335156.40206185565,-1.279486820938686,-0.3208853583422513,8.690201734678636,0.4082173505959513
False,3,-334628.7010309278,0.9001277755912435,1.857501365961261,8.70866568904028,0.3961223170005899
False,3,-334101.0,6.214129353462507,7.170901547440486,9.499155034729233,0.3887563740367385
False,0,-385288.0,-1.2156907781118775,-0.8682148901461729,,
False,0,-384760.2989690722,1.5298996196229537,1.8774157094391617,,
False,0,-384232.59793814435,-0.0018093991162784206,0.34579867169413736,,
False,0,-383704.8969072165,-3.68490464355067,-3.3371827905804863,,
False,0,-383177.19587628864,-1.1995617553597953,-0.8516850145478747,,
False,0,-382649.4948453608,2.4960784607040747,2.8441758654442895,,
False,0,-382121.793814433,-4.954258276844358,-4.6059432241086355,,
False,0,-381594.09278350516,-1.6215076283701855,-1.2729244141866929,,
False,0,-381066.3917525773,4.923236112790293,5.272110429204317,,
False,0,-380538.6907216495,3.9240721017074534,4.273259497000691,,
False,0,-380010.9896907217,-0.4716427589445833,-0.12209711357518233,,
False,0,-379483.2886597938,-1.7026476402745374,-1.3526779105572277,,
False,0,-378955.58762886596,3.7439856234276414,4.094411532643315,,
False,0,-378427.88659793814,-2.996266946326457,-2.645299514920277,,
False,0,-377900.1855670103,-0.6766289071548452,-0.3250307885520099,,
False,0,-377372.4845360825,0.5456385098543027,0.8979894024809674,,
False,0,-376844.78350515466,2.340946316169158,2.694272547676905,,
False,0,-376317.08247422683,0.9106006016977719,1.2651629388218613,,
False,0,-375789.38144329895,-3.6905423697815367,-3.3344374353768576,,
False,0,-375261.6804123711,-2.709021738697698,-2.3510401516272488,,
False,0,-374733.9793814433,1.144069994125648,1.504326504058104,,
False,0,-374206.27835051547,-3.4054760058014146,-3.0424922609716516,,
False,0,-373678.57731958764,-3.2523284206145746,-2.886047604835083,,
False,0,-373150.8762886598,-4.609288153800576,-4.239049555171268,,
False,0,-372623.175257732,-0.7288643792915641,-0.35389238004229895,,
False,0,-372095.4742268041,-1.4990653683692303,-1.1185591019958587,,
False,0,-371567.7731958763,2.727878332557413,3.114817127498595,,
False,0,-371040.07216494845,-2.7824021520310245,-2.388031265775419,,
False,0,-370512.3711340206,-2.5320533465428987,-2.129141355797612,,
False,0,-369984.6701030928,-0.3896202759554255,0.02305257854721643,,
False,0,-369456.96907216497,-0.11007220717855645,0.3136358865194472,,
False,0,-368929.26804123714,0.12350958944811387,0.5595807447616592,,
False,0,-368401.56701030926,1.2866023679487033,1.7364041323938115,,
False,0,-367873.86597938143,1.8012998829739821,2.26626791446838,,
False,0,-367346.1649484536,-1.2161334754453095,-0.7344801461691615,,
False,0,-366818.4639175258,1.0309240994826825,1.5308096489072747,,
False,0,-366290.76288659795,3.676146518881736,4.195797742801131,,
False,0,-365763.0618556701,4.537613873221021,5.078566703587592,,
False,0,-365235.36082474224,4.097059605278043,4.6608043377772645,,
False,0,-364707.6597938144,3.3307062874738564,3.918666467334359,,
False,0,-364179.9587628866,-1.16530739677646,-0.5517591324433209,,
False,0,-363652.25773195876,-5.026467206290542,-4.385998346629348,,
False,0,-363124.55670103093,-0.7698308928543924,-0.10120826014899853,,
False,0,-362596.8556701031,-0.6345664888499616,0.06329161020859286,,
False,0,-362069.1546391753,0.8849020960036091,1.612996364172632,,
False,0,-361541.45360824745,-1.7808051413565615,-1.0216087094253885,,
False,0,-361013.75257731957,-2.5334177738915375,-1.7424394166739527,,
False,0,-360486.05154639174,-1.3453073722301139,-0.5220043967493347,,
False,0,-359958.3505154639,0.07789884605162856,0.9339437594960435,6.710890023487234,0.2515105711468879
False,0,-359430.6494845361,3.2810021447012185,4.169971178750823,7.00898108452781,0.2611949666382888
False,0,-358902.94845360826,4.986973191264675,5.908913694577477,7.608621235103041,0.3079799013195662
False,0,-358375.24742268043,-1.2850801726745202,-0.33035119105504873,7.618480292843329,0.2890593717781461
False,0,-357847.54639175255,-1.5264722273931277,-0.5392698052531606,7.3483011286863835,0.28319364770940686
False,0,-357319.8453608247,-2.6688193280381305,-1.6496060019067114,7.403170701076141,0.2988847385610007
False,0,-356792.1443298969,2.1584632114834412,3.2090542447806767,7.4431751038433385,0.327114364958946
False,0,-356264.44329896907,0.9800926107474726,2.0612541678514305,6.959966582121717,0.32145184814453254
False,0,-355736.74226804124,-1.4444581411934792,-0.33363074663412684,6.907211054905101,0.3560627090482576
False,0,-355209.0412371134,-3.141809777379401,-2.0023387659428296,6.557175064388059,0.3201183135849166
False,0,-354681.3402061856,-7.517219083823042,-6.350299334819619,7.148521157293189,0.35772678717406053
False,0,-354153.63917525776,-8.599290290887385,-7.4061816526600195,8.325755501299975,0.443835450413902
False,0,-353625.9381443299,-7.158791849183064,-5.940857135556127,9.021686449126314,0.5279047691829228
False,0,-353098.23711340205,-4.262782963411552,-3.0214251046204565,8.825292086690494,0.5808153831546872
False,0,-352570.5360824742,-5.308262785084694,-4.044879316803421,9.00795473560106,0.5946747118389112
False,0,-352042.8350515464,-1.6210022970965254,-0.33711375137788413,9.008007033665193,0.5864786195913988
False,0,-351515.13402061857,-5.9507937369906365,-4.647908488799363,9.375665666275074,0.5740656302121756
False,0,-350987.43298969074,-5.226753276472669,-3.9063429456064376,9.43017101475473,0.5839370559460899
False,0,-350459.73195876286,-0.17103855500826093,1.165413785679684,9.423140728340679,0.5802156058432146
False,0,-349932.03092783503,2.4636637496136897,3.814671035003698,9.61509668670877,0.5775995480840246
False,0,-349404.3298969072,-0.06546158120604195,1.29873118842682,9.57980706446746,0.59187119578898
False,0,-348876.6288659794,3.0599056673724627,4.43600479672215,9.970344064440384,0.6105794426132948
False,0,-348348.92783505155,1.4010576215515707,2.7877827422760113,9.972816707637902,0.6129140847270426
False,0,-347821.2268041237,-1.5628092870438752,-0.16669373065170756,9.805567547287573,0.597743831005975
False,0,-347293.5257731959,-0.579437365297467,0.8250030660742803,9.43923532803481,0.6049734608353399
False,0,-346765.8247422681,-0.04087467315052895,1.3709063525094138,9.468708014879144,0.6055854642634599
False,0,-346238.1237113402,0.47979000495216234,1.8979806343485035,9.499241103059644,0.6225784964414617
False,0,-345710.42268041236,-0.11245296062694743,1.311326067309606,9.344899226226987,0.6518974994260351
False,0,-345182.72164948453,-2.2302976117284863,-0.8016590745153604,9.229107732956289,0.6428254440549468
False,0,-344655.0206185567,-0.3165585060430056,1.1162529911339645,9.132733605911431,0.6423823172015317
False,0,-344127.3195876289,1.5585500946842394,2.9949459155900544,9.286195476054766,0.6419462677289572
False,0,-343599.61855670105,-2.32955087816842,-0.8900496662224473,9.315081080337476,0.6284641654167334
False,0,-343071.91752577317,-0.4412395630359096,1.000993112869388,9.324283220926866,0.6258381949934833
False,0,-342544.21649484534,-1.3157263163274975,0.12880602035032096,9.279769705094006,0.6229684855321522
False,0,-342016.5154639175,-2.8425949378461977,-1.3960737974482922,9.246074055184573,0.6293744661281703
False,0,-341488.8144329897,-5.032800796941727,-3.584517288384386,9.520072959973009,0.6360391516262371
False,0,-340961.11340206186,-4.791606502268518,-3.341796352857791,9.717925386936958,0.6467921431178832
False,0,-340433.41237113404,-1.9563327641788806,-0.5052060432443626,9.350863604180645,0.6246326218111501
False,0,-339905.7113402062,-0.3983116189241629,1.0539881789597947,8.816940217646048,0.5988583606006456
False,0,-339378.0103092783,0.6550789296901974,2.1084716582245178,8.437339450436944,0.5803324247364854
False,0,-338850.3092783505,0.9621116942587132,2.416419647843568,8.224913852308577,0.6032864274361747
False,0,-338322.6082474227,2.5953795902095873,4.050519691403761,8.597685094055025,0.6235579941756213
False,0,-337794.90721649484,-2.4906599832093668,-1.0347687454177843,8.235055289423252,0.6124831671012805
False,0,-337267.206185567,-3.1306562866208694,-1.6740949017338744,8.28698715970708,0.6137191891052252
False,0,-336739.5051546392,-5.456596721657839,-3.9994657742348565,8.59428989231194,0.617447423733805
False,0,-336211.8041237113,-2.2550711805487476,-0.7974748025223979,8.531359898478462,0.6177478790874588
False,0,-335684.1030927835,-0.4204997491691269,1.0374840190568815,8.551121063453499,0.6139144181227507
False,0,-335156.40206185565,-1.0699928355643225,0.38827136611360946,8.506957983493344,0.6147208081592337
False,0,-334628.7010309278,-0.9580314238971559,0.500411702141297,8.51278007844145,0.617010963431901
False,0,-334101.0,-2.6044073608124343,-1.1458857756596441,8.508249341752302,0.6184627469958343
False,2,-385288.0,-1.2156907781118775,0.09014228283944692,,
False,2,-384760.2989690722,-1.5017443848841623,-0.19583935107054584,,
False,2,-384232.59793814435,-3.0654229219388522,-1.7594058057063848,,
False,2,-383704.8969072165,-4.210994200327119,-2.904783627888785,,
False,2,-383177.19587628864,-5.004123989955501,-3.6976591973615056,,
False,2,-382649.4948453608,-3.0145301917667613,-1.7077137264865698,,
False,2,-382121.793814433,-3.6102346144431676,-2.302924434724737,,
False,2,-381594.09278350516,3.7086067428079983,5.016583609667992,,
False,2,-381066.3917525773,0.011182511463493139,1.320028045153885,,
False,2,-380538.6907216495,0.5196263892909843,1.8295711515727784,,
False,2,-380010.9896907217,-2.017428489452075,-0.706175031116216,,
False,2,-379483.2886597938,2.8682994812128757,4.1811129000625336,,
False,2,-378955.58762886596,1.2764730891786735,2.5910841669637312,,
False,2,-378427.88659793814,-0.6350682171443177,0.6816376438366282,,
False,2,-377900.1855670103,-6.395034581053778,-5.0760144318332685,,
False,2,-377372.4845360825,-5.363270173521382,-4.041668524190767,,
False,2,-376844.78350515466,-2.2423049211174657,-0.9179051686889661,,
False,2,-376317.08247422683,1.9407095836352932,3.268049056953899,,
False,2,-375789.38144329895,1.6150525713698043,2.945443307800745,,
False,2,-375261.6804123711,2.5765999867113507,3.9100135960979414,,
False,2,-374733.9793814433,-0.5708985333757259,0.7653999831354024,,
False,2,-374206.27835051547,-3.240758674283344,-1.9018539313588732,,
False,2,-373678.57731958764,-4.233051120366348,-2.891975815623626,,
False,2,-373150.8762886598,0.9547139125405057,2.297371426574003,,
False,2,-372623.175257732,2.819248456773489,4.162704881091974,,
False,2,-372095.4742268041,3.4072068695246065,4.750528834215453,,
False,2,-371567.7731958763,1.666456390666334,3.0085367736127715,,
False,2,-371040.07216494845,-3.1741652880142937,-1.8347260148399525,,
False,2,-370512.3711340206,0.3757633726384988,1.7109439188473097,,
False,2,-369984.6701030928,0.7500685510754062,2.0791310378993573,,
False,2,-369456.96907216497,-3.587752041036106,-2.26695839113442,,
False,2,-368929.26804123714,-1.2419108147983995,0.0682423918762427,,
False,2,-368401.56701030926,-4.298815396305665,-3.0019273001762836,,
False,2,-367873.86597938143,-2.92282049200847,-1.6420717895908756,,
False,2,-367346.1649484536,-0.6302845056180468,0.6312876009156112,,
False,2,-366818.4639175258,1.3532857809611878,2.592334978840364,,
False,2,-366290.76288659795,-3.418905128913025,-2.2058114058052842,,
False,2,-365763.0618556701,-2.3274561034895402,-1.1439468420957177,,
False,2,-365235.36082474224,-6.231509424976792,-5.081432563595707,,
False,2,-364707.6597938144,-12.224603389106669,-11.111907138358337,,
False,2,-364179.9587628866,-6.918645725774318,-5.84742028561498,,
False,2,-363652.25773195876,-8.593296254827145,-7.5677172304701,,
False,2,-363124.55670103093,-3.4986299004475936,-2.52290817777791,,
False,2,-362596.8556701031,-1.6638234652322932,-0.7421465788178632,,
False,2,-362069.1546391753,1.7841114766082753,2.6475608447665246,,
False,2,-361541.45360824745,4.42080953894043,5.221931093083702,,
False,2,-361013.75257731957,2.227603030658375,2.962374330982348,,
False,2,-360486.05154639174,2.516172350468479,3.180671782606273,,
False,2,-359958.3505154639,1.339110881291022,1.92963171869699,12.017827066630817,0.5927529267819375
False,2,-359430.6494845361,-3.7359674737832327,-3.222930376481892,12.20338786169114,0.5748255517640043
False,2,-358902.94845360826,-6.270962705885474,-5.838707356366356,12.839080513284793,0.5847370915710515
False,2,-358375.24742268043,-2.352786586940604,-2.004332722486149,12.854472298565208,0.581759771902477
False,2,-357847.54639175255,-1.4719304487484297,-1.2100158926906333,12.734529249394647,0.5768423391539531
False,2,-357319.8453608247,-1.743655351166352,-1.5706630928354823,12.529424753330625,0.5759879170786442
False,2,-356792.1443298969,2.578759512591172,2.660798177204815,12.66232258322939,0.5630781301154366
False,2,-356264.44329896907,0.935873519264875,0.9252761460900876,12.593351868871865,0.5977369201841932
False,2,-355736.74226804124,2.1151483612081865,2.010588196905592,12.131508091572103,0.5999621427892422
False,2,-355209.0412371134,-2.19703346484327,-2.396430407036389,12.177314916455565,0.5846708043772236
False,2,-354681.3402061856,-3.5889407268348954,-3.8837208167838355,12.34120575052428,0.5925359510146948
False,2,-354153.63917525776,-4.235693744478936,-4.625964743879271,12.70528227581365,0.6161465808865739
False,2,-353625.9381443299,-7.5267139843146404,-8.012175298083687,13.372967270202347,0.62188430755559
False,2,-353098.23711340205,-2.5790216883629773,-3.15890607708889,13.25305284338218,0.6179356927423999
False,2,-352570.5360824742,-1.4251317159234291,-2.098366561620202,13.234160340765953,0.6394445690521251
False,2,-352042.8350515464,1.476682117961089,0.7115559278032982,12.910670426055852,0.6267473405533986
False,2,-351515.13402061857,0.792092768398438,-0.06315281699310415,12.693296079947004,0.631361635452171
False,2,-350987.43298969074,7.449241883124166,6.506013891023647,13.750840944101817,0.6220141102177139
False,2,-350459.73195876286,6.59256639603159,5.563818905043059,14.22353265440744,0.6388659035671334
False,2,-349932.03092783503,4.631571512588265,3.5200608675709555,14.312815105399615,0.6421799255419901
False,2,-349404.3298969072,4.518093626455638,3.3268053720420196,14.21282412424239,0.6522671009753586
False,2,-348876.6288659794,4.450901211412777,3.1830766528805023,14.459820715580479,0.6639727798733103
False,2,-348348.92783505155,6.01002477026551,4.669090678784651,14.944309155923795,0.6707855764221471
False,2,-347821.2268041237,7.432477531511902,6.022063011654366,15.610255288872503,0.6991688001561072
False,2,-347293.5257731959,6.268225521200847,4.79204542772192,15.990301300704045,0.7079004201862027
False,2,-346765.8247422681,7.212435903870466,5.674275339720648,16.304527360214482,0.7106895958714871
False,2,-346238.1237113402,4.541602994794916,2.945314856977501,16.009558353749114,0.7095734137939674
False,2,-345710.42268041236,2.731454383460248,1.080920598987928,15.836357412093472,0.7225163274740947
False,2,-345182.72164948453,3.19819365579421,1.4972660126972086,15.826454255974161,0.7301895655055616
False,2,-344655.0206185567,1.5909488159581393,-0.15653830494597787,15.759562801014903,0.7275398353086818
False,2,-344127.3195876289,3.3771560493956096,1.5868867962493347,15.719782444532035,0.7370227802676016
False,2,-343599.61855670105,3.0360942490068914,1.2067195601529246,15.654070767176727,0.7403320204248205
False,2,-343071.91752577317,1.7430296885551906,-0.12185058183684672,15.653945618036753,0.7442938531814992
False,2,-342544.21649484534,0.2619119836257122,-1.635074231104851,15.523644434962506,0.7423269374457873
False,2,-342016.5154639175,0.4334720733678967,-1.4922818211980564,15.513957668524972,0.74616253879007
False,2,-341488.8144329897,-0.8826720380684427,-2.834174732000451,15.66593107235321,0.748261774080275
False,2,-340961.11340206186,-1.964670679468179,-3.939048456808155,15.808095816782215,0.7642159556462865
False,2,-340433.41237113404,1.061692565786102,-0.9328647298190069,15.735711955157072,0.7604381182154566
False,2,-339905.7113402062,3.633249534284079,1.6210194201844175,15.782019795105214,0.7636141209112911
False,2,-339378.0103092783,-0.5940911299454483,-2.6216853518625727,15.39856006127233,0.7560043196469868
False,2,-338850.3092783505,2.171955295994412,0.13111841610930508,12.812610470580204,0.7378080725378728
False,2,-338322.6082474227,1.8748922334619522,-0.1772758959921561,12.053129653216182,0.7178507896895788
False,2,-337794.90721649484,0.2994541673654505,-1.7622944084636754,10.84743837054333,0.719642809715916
False,2,-337267.206185567,2.163491992484479,0.0937933133861204,10.67082205739443,0.7179458807583585
False,2,-336739.5051546392,-0.0851161475242399,-2.1613286554096494,10.781358514839495,0.7247395735090367
False,2,-336211.8041237113,-0.2498983355982537,-2.331325854012319,10.82163708750038,0.727712243818032
False,2,-335684.1030927835,2.2949101069313267,0.2094840258194508,10.306736503067759,0.7181403634095859
False,2,-335156.40206185565,1.0183606122500999,-1.0700220005040246,10.174314561947668,0.7120711400835226
False,2,-334628.7010309278,5.876777053845312,3.786430789341089,10.259133169659831,0.6896751628424236
False,2,-334101.0,6.9186231948376715,4.82728420818656,10.64785889624263,0.7231490274574062
False,1,-385288.0,-1.2156907781118775,-1.7880873015523093,,
False,1,-384760.2989690722,-1.4366785254939214,-2.005400759957893,,
False,1,-384232.59793814435,1.7080755123256588,1.1467143115661091,,
False,1,-383704.8969072165,4.126779922835244,3.5763884477327714,,
False,1,-383177.19587628864,1.2079997395698319,0.6721655707817912,,
False,1,-382649.4948453608,-2.7340644131694294,-3.2517937082329076,,
False,1,-382121.793814433,-3.91473921838406,-4.410772931692466,,
False,1,-381594.09278350516,-1.3468085990666956,-1.8177316668791386,,
False,1,-381066.3917525773,4.265278268133724,3.82280641735625,,
False,1,-380538.6907216495,0.90076250095577,0.49002286125396655,,
False,1,-380010.9896907217,4.583934991155674,4.208149871719515,,
False,1,-379483.2886597938,1.498642146536392,1.160881808182582,,
False,1,-378955.58762886596,2.970782468068494,2.6740215062416857,,
False,1,-378427.88659793814,7.363556406649206,7.11060260332998,,
False,1,-377900.1855670103,7.503419701897075,7.296913487853613,,
False,1,-377372.4845360825,1.5413783948742044,1.383812763733777,,
False,1,-376844.78350515466,2.098097175136884,1.9917332136121653,,
False,1,-376317.08247422683,-0.9254758211260556,-0.9785334770043749,,
False,1,-375789.38144329895,-2.059529969312919,-2.057455398389269,,
False,1,-375261.6804123711,-3.1914908320120925,-3.1326902556063794,,
False,1,-374733.9793814433,2.443684768489888,2.5605821472164036,,
False,1,-374206.27835051547,0.2572410825570606,0.43328553825034133,,
False,1,-373678.57731958764,-0.4486365177335355,-0.2127096542599237,,
False,1,-373150.8762886598,0.06255005213986975,0.35884199225227126,,
False,1,-372623.175257732,-0.3498332658672919,0.006966584485504634,,
False,1,-372095.4742268041,-0.8939832738534241,-0.47685246178788776,,
False,1,-371567.7731958763,4.274566591351371,4.751529775306204,,
False,1,-371040.07216494845,-4.661000817980369,-4.125039124179293,,
False,1,-370512.3711340206,-8.01955978337977,-7.425773896233297,,
False,1,-369984.6701030928,-4.106038860963057,-3.4558520248267866,,
False,1,-369456.96907216497,-4.697157125272555,-3.9923944852202435,,
False,1,-368929.26804123714,-0.5415484041501277,0.21562583484424103,,
False,1,-368401.56701030926,0.13860311738306885,0.9457231404776505,,
False,1,-367873.86597938143,1.5084731816975643,2.3628510413870805,,
False,1,-367346.1649484536,3.04258953693859,3.941197233602603,,
False,1,-366818.4639175258,2.392441480948099,3.3319577768433954,,
False,1,-366290.76288659795,0.8299042767932319,1.8067526457653957,,
False,1,-365763.0618556701,0.3474997112830217,1.35791165449498,,
False,1,-365235.36082474224,0.04403927905830818,1.0840387180324702,,
False,1,-364707.6597938144,-0.4877955789502361,0.5776634333570607,,
False,1,-364179.9587628866,0.33455715369329236,1.4212411674358725,,
False,1,-363652.25773195876,-1.2334656704912543,-0.1298987167850132,,
False,1,-363124.55670103093,-7.711854133806902,-6.5958428212419875,,
False,1,-362596.8556701031,-6.396986185949822,-5.272966643664381,,
False,1,-362069.1546391753,-5.537955765948755,-4.410383346734029,,
False,1,-361541.45360824745,-3.242074613602225,-2.1152860805831564,,
False,1,-361013.75257731957,-13.168318912124326,-12.046629122480013,,
False,1,-360486.05154639174,-11.939065946691215,-10.826606857339808,,
False,1,-359958.3505154639,-8.04046969048082,-6.941181966985308,16.32404472282874,0.641421974334711
False,1,-359430.6494845361,-3.545697474829009,-2.463429367649388,16.36828938283558,0.6376369081554992
False,1,-358902.94845360826,-2.098118995855695,-1.0364295126589942,16.329106621138532,0.6424952502113902
False,1,-358375.24742268043,1.1031434103832907,2.1409875891592813,16.419180874203033,0.6368764664499443
False,1,-357847.54639175255,1.3063251027396277,2.317343955058824,16.236622029918355,0.6415895286948953
False,1,-357319.8453608247,4.909381198382603,5.890845310675107,17.05729966814685,0.6533923299468177
False,1,-356792.1443298969,5.875586903056004,6.825183034557609,17.948816600587694,0.6680172430305298
False,1,-356264.44329896907,2.8890827823182876,3.804808921703504,17.896428835851868,0.6741660778989763
False,1,-355736.74226804124,2.0175948342755605,2.897876671913784,18.006079374080294,0.6930727621130471
False,1,-355209.0412371134,1.2440022946351945,2.087614253677796,17.793316634118522,0.6988535751244236
False,1,-354681.3402061856,-2.810475378851808,-2.0043396577758537,17.86881477622099,0.6957345192932556
False,1,-354153.63917525776,-0.9381668665394765,-0.16994539162905242,17.48208895257081,0.6958005174490816
False,1,-353625.9381443299,-8.048304631861228,-7.317995053782137,18.48771828126917,0.675673829196646
False,1,-353098.23711340205,-5.957295221294106,-5.2645564807976415,18.78398719012176,0.6862791184122027
False,1,-352570.5360824742,-3.260109238592269,-2.6043172772103675,17.637276777084388,0.6628937168437189
False,1,-352042.8350515464,-1.9445472358097544,-1.3246456727042641,16.28909393644032,0.6682938529545598
False,1,-351515.13402061857,-0.6350247578430191,-0.04963606577206481,16.197322209529414,0.6647350137776264
False,1,-350987.43298969074,-2.452344458127081,-1.8998086634749938,16.040082899410915,0.6667008572647384
False,1,-350459.73195876286,0.9152101934329839,1.4368777755685667,16.157633120624702,0.6615234552142593
False,1,-349932.03092783503,3.802359587007159,4.2953184407537846,16.678637378212454,0.66307626688764
False,1,-349404.3298969072,7.039515959236525,7.506189603720969,17.94764477774266,0.6922777491639384
False,1,-348876.6288659794,-0.6959939806334683,-0.2529585562329427,17.742498293772773,0.6689188111963706
False,1,-348348.92783505155,2.616937287358411,3.0391169336911825,17.995963683907156,0.665333861747301
False,1,-347821.2268041237,6.74892479375171,7.153144479203647,19.213388682562265,0.6701187391647493
False,1,-347293.5257731959,6.686314276213278,7.075490369981268,20.352408765989107,0.6898443002139152
False,1,-346765.8247422681,3.9103406959166955,4.287437364353479,20.778276204445305,0.6973808296420617
False,1,-346238.1237113402,2.616041523530239,2.9840344510240215,20.982349512524063,0.7110258692289465
False,1,-345710.42268041236,1.1429048732996612,1.5047020076308304,20.537599686059284,0.7465207291217091
False,1,-345182.72164948453,-2.0158878266508027,-1.657548561650733,20.257545464844352,0.7385937097550911
False,1,-344655.0206185567,1.0234498808132901,1.3810382782856379,19.1676804688324,0.7328428270566764
False,1,-344127.3195876289,-0.8652207779138699,-0.5058504377620079,18.915884209970685,0.7268533066785073
False,1,-343599.61855670105,-0.8023430258040676,-0.4388758561771774,18.567986263263897,0.7341153226831193
False,1,-343071.91752577317,-4.010392463051806,-3.6407857403993003,18.864208687128396,0.731014149782128
False,1,-342544.21649484534,-1.0461689839624584,-0.6685726036244289,18.85993971549394,0.7283583756205569
False,1,-342016.5154639175,2.47236844055602,2.859581954346635,18.912665889969713,0.7208588227454936
False,1,-341488.8144329897,1.6696318487338793,2.067819100294741,18.68201779536474,0.7184827501034297
False,1,-340961.11340206186,-0.020524853072089178,0.3896460587259849,18.453953698774946,0.716589650595548
False,1,-340433.41237113404,0.7936973805847988,1.216611806222876,18.415909022141033,0.7157058482742804
False,1,-339905.7113402062,-3.0504455494384155,-2.6143782900725725,18.50630334547317,0.7083324796464373
False,1,-339378.0103092783,-4.065170971838161,-3.6158020756384466,18.72079362774039,0.7105835886727166
False,1,-338850.3092783505,-3.07587555801381,-2.6133160147005885,18.822736468616007,0.7125982577631541
False,1,-338322.6082474227,1.2999126022398828,1.7752432416248498,18.85044132846249,0.7042083751933451
False,1,-337794.90721649484,1.3139682393106296,1.8013476760373042,18.938349088510886,0.7232695864234808
False,1,-337267.206185567,-1.0969888955103761,-0.5984558944849604,18.083389029151594,0.7098951322833845
False,1,-336739.5051546392,0.5787748416708559,1.087292487066571,17.5419411185874,0.7007122582235444
False,1,-336211.8041237113,0.25952958780163293,0.7767125490907844,17.134549872210023,0.6992582236685789
False,1,-335684.1030927835,-3.455087394293213,-2.930773091092006,17.22410894358451,0.7310205478280187
False,1,-335156.40206185565,-3.724357366274579,-3.194588247470572,14.341540649538892,0.6752569737555053
False,1,-334628.7010309278,-2.0871864683986607,-1.5537089934532347,11.803150666488245,0.6335688602202975
False,1,-334101.0,-3.937391140838309,-3.402045653635122,10.965257105631913,0.6322806029562371
False,4,-385288.0,-1.2156907781118775,-2.347667012590313,,
False,4,-384760.2989690722,-0.25332002981660895,-1.383500408016586,,
False,4,-384232.59793814435,2.4835662678764927,1.3569418362281618,,
False,4,-383704.8969072165,4.6870674278959354,3.5656761383663187,,
False,4,-383177.19587628864,7.804397414370284,6.68989031019339,,
False,4,-382649.4948453608,8.115411946911971,7.009235931631971,,
False,4,-382121.793814433,2.865482689025558,1.769003987728092,,
False,4,-381594.09278350516,1.363858339989278,0.2782076128781814,,
False,4,-381066.3917525773,0.3083005286473227,-0.7655766860133341,,
False,4,-380538.6907216495,-0.17271199825809197,-1.2341021572624995,,
False,4,-380010.9896907217,-0.5600694758957934,-1.6084540426389502,,
False,4,-379483.2886597938,0.5457082061949035,-0.4894264711787617,,
False,4,-378955.58762886596,1.8096760062681265,0.7877785596578863,,
False,4,-378427.88659793814,-2.966289981004417,-3.975133751628999,,
False,4,-377900.1855670103,-1.3720444415429993,-2.36826567019556,,
False,4,-377372.4845360825,0.24770055104336186,-0.7365577923147049,,
False,4,-376844.78350515466,3.9707530469791172,2.997588155749533,,
False,4,-376317.08247422683,5.907219549335895,4.944158112129724,,
False,4,-375789.38144329895,0.6949543137946477,-0.259135364847769,,
False,4,-375261.6804123711,2.8206889977138716,1.8743316051633587,,
False,4,-374733.9793814433,1.931095420583793,0.9911513724346942,,
False,4,-374206.27835051547,-0.8332903031575944,-1.7681830970983388,,
False,4,-373678.57731958764,-0.9626104151783899,-1.893828543399271,,
False,4,-373150.8762886598,-2.068885124667612,-2.9976784849656797,,
False,4,-372623.175257732,-7.081764214544684,-8.009281536622478,,
False,4,-372095.4742268041,-4.211283790939804,-5.138548901231985,,
False,4,-371567.7731958763,-2.103845488505138,-3.031636869022591,,
False,4,-371040.07216494845,-3.4766463645664833,-4.405536121047682,,
False,4,-370512.3711340206,-6.829477837096416,-7.759779276514295,,
False,4,-369984.6701030928,-4.792843967591477,-5.7245691729595025,,
False,4,-369456.96907216497,-3.52476525216352,-4.457573627864062,,
False,4,-368929.26804123714,1.1528788665728706,0.21969398207549062,,
False,4,-368401.56701030926,3.017829529576697,2.0854182610983436,,
False,4,-367873.86597938143,0.5658815237313839,-0.36423488162299567,,
False,4,-367346.1649484536,1.8697979057924696,0.9439456309405146,,
False,4,-366818.4639175258,-0.1725650324125685,-1.0918100689378596,,
False,4,-366290.76288659795,1.8474948170280732,0.937707048417161,,
False,4,-365763.0618556701,6.234378047422649,5.3372291146589825,,
False,4,-365235.36082474224,7.2851436557031155,6.404173379830904,,
False,4,-364707.6597938144,4.126778672632275,3.2659451649765936,,
False,4,-364179.9587628866,6.326243792239122,5.4898501677333025,,
False,4,-363652.25773195876,4.880969701562781,4.073612539103188,,
False,4,-363124.55670103093,1.475359635060244,0.7018710968740027,,
False,4,-362596.8556701031,0.33924964865419627,-0.3953059678868942,,
False,4,-362069.1546391753,0.5415058017444841,-0.1489458648762787,,
False,4,-361541.45360824745,5.100094799057254,4.459095250838236,,
False,4,-361013.75257731957,4.801385380424115,4.215227568617534,,
False,4,-360486.05154639174,7.0467555710446925,6.520843745894066,,
False,4,-359958.3505154639,7.2471582495669,6.786808558613965,14.255697042255669,0.7599940921542826
False,4,-359430.6494845361,3.642213148457864,3.2525784267231965,14.246265931615705,0.7568173970750139
False,4,-358902.94845360826,2.7231576004276854,2.4092037819535292,14.23427660595061,0.7626245738558979
False,4,-358375.24742268043,0.8303836682553818,0.5968485934064296,14.222962909428025,0.7628464045629127
False,4,-357847.54639175255,0.6352779407276195,0.48660464119362584,14.037493610582702,0.7624914870250507
False,4,-357319.8453608247,4.730936625238203,4.671191231701022,13.604140356463512,0.7355676811890941
False,4,-356792.1443298969,5.135495605724129,5.168380551201939,13.174628891680682,0.7565689889362637
False,4,-356264.44329896907,4.318159714638467,4.446933577419049,13.465891584816708,0.7648993930485494
False,4,-355736.74226804124,5.11946219900898,5.346898358363717,13.938098476067758,0.7719829464131158
False,4,-355209.0412371134,-0.4188951008364059,-0.09046770077295291,13.908188078976437,0.7523105437601694
False,4,-354681.3402061856,-0.7835510435277394,-0.35232548303112443,13.85512028537047,0.7510135533425133
False,4,-354153.63917525776,-0.742092783294292,-0.2068221523242434,13.762722860782917,0.7510123266239639
False,4,-353625.9381443299,3.2120978843232812,3.852125780795391,13.934263405882822,0.7416978832799771
False,4,-353098.23711340205,-2.7101548962212303,-1.9652025298798304,14.087742032926597,0.7321330970163746
False,4,-352570.5360824742,-6.857452034051532,-6.00782723464774,14.569823622677035,0.7264413039218295
False,4,-352042.8350515464,-7.826482713019641,-6.873010088739639,15.556059205393218,0.7458212594920733
False,4,-351515.13402061857,-3.6472641145623075,-2.591256041961514,15.728604882216489,0.7523062429748599
False,4,-350987.43298969074,-4.469679093889262,-3.312938760627718,15.897729595661785,0.7545718191006892
False,4,-350459.73195876286,-5.179402087221797,-3.9241281552974696,15.831451618885808,0.7734000917823389
False,4,-349932.03092783503,-5.278441434468088,-3.927240071888819,16.182353835601145,0.781289525882839
False,4,-349404.3298969072,-5.368543991746375,-3.9243740761311803,16.455653473754655,0.7857681965234619
False,4,-348876.6288659794,-7.408166624933537,-5.8742598913453,17.147473763943967,0.7943393219200054
False,4,-348348.92783505155,-5.920639053244748,-4.300568493722004,17.45509321948236,0.7982847894979456
False,4,-347821.2268041237,-9.688459920939135,-7.986058826063471,18.65651709694527,0.7996171856455748
False,4,-347293.5257731959,-8.748706283177048,-6.967981858266587,19.4295930062361,0.8169960132598033
False,4,-346765.8247422681,-8.279179626665204,-6.424304633263416,18.975049862871032,0.8214279212912663
False,4,-346238.1237113402,-6.076357472541764,-4.15157007191862,18.79668291123173,0.8231883953740621
False,4,-345710.42268041236,-3.581421950618614,-1.5909984698803827,18.67493017017344,0.8198457625924005
False,4,-345182.72164948453,0.35034897412621024,2.402102799175754,18.447192461079876,0.8113681849849863
False,4,-344655.0206185567,5.0614882186475425,7.170329222926286,18.249554941434223,0.7962730623027128
False,4,-344127.3195876289,2.3517843468223942,4.513491822922985,17.8718847989466,0.7928847723267224
False,4,-343599.61855670105,5.120618789452055,7.331051701358398,18.329766582737587,0.8056763089296752
False,4,-343071.91752577317,-0.34999869608843603,1.9050943042121307,18.359285569928584,0.7950376360541767
False,4,-342544.21649484534,0.523287581447942,2.819089115774389,18.41386835093127,0.7984514124147131
False,4,-342016.5154639175,-1.2408114983126166,1.091956494802037,18.39413606868936,0.7980314766702054
False,4,-341488.8144329897,-0.40931747434289567,1.956814384603263,18.425202021840224,0.7998695616810435
False,4,-340961.11340206186,-4.64142637441773,-2.245320792703928,18.53965913589342,0.7930330588018698
False,4,-340433.41237113404,-7.005597817073342,-4.582692669395433,19.1071623252078,0.8033614947210628
False,4,-339905.7113402062,-1.3112466283531559,1.135475747089667,18.63607147650141,0.7812123367800002
False,4,-339378.0103092783,-3.066422228812397,-0.5986980927270644,17.914909209466114,0.7794241577441553
False,4,-338850.3092783505,-0.6306878801687243,1.8553973333609723,17.784708161958616,0.7745673224289922
False,4,-338322.6082474227,-5.05583713072655,-2.5538299225508165,17.37611002582803,0.7597817562104432
False,4,-337794.90721649484,-1.8559678492049982,0.6597210649981513,17.05823283594801,0.75866498390717
False,4,-337267.206185567,-5.03394404180753,-2.5066192300134333,17.187475768381578,0.7542897845549271
False,4,-336739.5051546392,-2.5965046811038577,-0.05947566305455032,17.183803172120435,0.7515824698920006
False,4,-336211.8041237113,-5.8915357785137035,-3.346639773345035,17.41745602428487,0.7573151483650243
False,4,-335684.1030927835,-4.909371593677457,-2.3583193708342796,17.091721211656736,0.7529377237824836
False,4,-335156.40206185565,-2.6094066079896225,-0.05382843007576099,16.684354644963978,0.743475330177887
False,4,-334628.7010309278,0.7352242429946012,3.2937812658937142,15.986064257040326,0.7205078253533045
False,4,-334101.0,-1.4990287866143612,1.0610349234904657,14.959904681227131,0.7156508139254208
False,5,-385288.0,-1.2156907781118775,2.9152053054403835,,
False,5,-384760.2989690722,-3.7902307808049063,0.3425131588900694,,
False,5,-384232.59793814435,-7.514279255139552,-3.377913311645716,,
False,5,-383704.8969072165,-6.032754994530292,-1.8911318879155754,,
False,5,-383177.19587628864,-3.050331315023558,1.0980817476437958,,
False,5,-382649.4948453608,-5.155382961662894,-0.9988411375824038,,
False,5,-382121.793814433,-6.191044459080862,-2.025275833931005,,
False,5,-381594.09278350516,-1.043701877767885,3.1320818885424493,,
False,5,-381066.3917525773,-3.4243618373352747,0.7619689060518167,,
False,5,-380538.6907216495,-0.606584670574182,3.590446682344722,,
False,5,-380010.9896907217,-3.159798122142126,1.047768920746564,,
False,5,-379483.2886597938,1.7302044956771043,5.947625542834037,,
False,5,-378955.58762886596,-0.7989234857910297,3.4273199250831166,,
False,5,-378427.88659793814,-1.0430964821024793,3.190467109927093,,
False,5,-377900.1855670103,-3.1463822652951006,1.0924988499903066,,
False,5,-377372.4845360825,-6.2534747958413295,-2.0117510460059735,,
False,5,-376844.78350515466,-5.487770990953948,-1.2461544577176102,,
False,5,-376317.08247422683,-3.153098596710785,1.0849863461247957,,
False,5,-375789.38144329895,-3.2668458624530787,0.9637671641980825,,
False,5,-375261.6804123711,-1.33521373007061,2.8835802431203827,,
False,5,-374733.9793814433,-7.67896175267086,-3.4767779874568383,,
False,5,-374206.27835051547,-6.219535385095189,-2.039098445000448,,
False,5,-373678.57731958764,-6.235881115500469,-2.082755541449256,,
False,5,-373150.8762886598,-2.538769689229137,1.5811178759621907,,
False,5,-372623.175257732,-4.723255277636083,-0.6428206435762256,,
False,5,-372095.4742268041,-6.721719140142644,-2.6871520049025506,,
False,5,-371567.7731958763,-10.583721250178344,-6.6015824382150345,,
False,5,-371040.07216494845,-5.6121806770251625,-1.6892137171139878,,
False,5,-370512.3711340206,-5.940021466997296,-2.083026026084265,,
False,5,-369984.6701030928,-10.06888121576807,-6.284671500544116,,
False,5,-369456.96907216497,-10.824416301734296,-7.119675192209632,,
False,5,-368929.26804123714,-10.960665221761651,-7.342055586010263,,
False,5,-368401.56701030926,-10.472386127549123,-6.9462716437732945,,
False,5,-367873.86597938143,-10.203435718680648,-6.775985913372268,,
False,5,-367346.1649484536,-7.627161157099773,-4.304155435289376,,
False,5,-366818.4639175258,-8.128409577627961,-4.915324689168318,,
False,5,-366290.76288659795,-8.728467298301558,-5.630340405129975,,
False,5,-365763.0618556701,-8.23004828735697,-5.2513965356015575,,
False,5,-365235.36082474224,-4.789526393248851,-1.934333472573817,,
False,5,-364707.6597938144,-2.8564850693837847,-0.12810261619724894,,
False,5,-364179.9587628866,0.7215930204273238,3.3203912180928277,,
False,5,-363652.25773195876,-2.6373774912405064,-0.1702672875505451,,
False,5,-363124.55670103093,0.3413148580713925,2.675306376413223,,
False,5,-362596.8556701031,-2.2292326782322704,-0.029103611343206826,,
False,5,-362069.1546391753,2.654861823978426,4.721070421985102,,
False,5,-361541.45360824745,-1.2975481247564806,0.6354042436099554,,
False,5,-361013.75257731957,1.3910796413581772,3.1921130096374015,,
False,5,-360486.05154639174,3.2725652179231934,4.943667852240976,,
False,5,-359958.3505154639,1.9876844912309912,3.5314398926868544,12.900592561674676,0.69105710485614
False,5,-359430.6494845361,-0.4689226424727455,0.9507816934131734,12.684597422028936,0.6927039416485639
False,5,-358902.94845360826,1.5449706880365541,2.8445067074721755,12.923737304266375,0.7035008937886357
False,5,-358375.24742268043,5.507480359694972,6.691263387058221,13.858828816076434,0.7076384470867444
False,5,-357847.54639175255,6.117999142944336,7.19090209578894,15.004145603614447,0.7357528357970957
False,5,-357319.8453608247,2.359844319305452,3.3272262402987027,15.233927653786687,0.7399955489532126
False,5,-356792.1443298969,-2.1165807303183373,-1.2489525121673652,15.243127638753352,0.7278946053715646
False,5,-356264.44329896907,-1.9153264219815953,-1.1413086263685788,15.193453521760318,0.7441322053848591
False,5,-355736.74226804124,-1.6085887982552343,-0.9218260231474821,14.96168858187788,0.745729802668793
False,5,-355209.0412371134,2.2170027231051392,2.8230715837002323,15.140302448777,0.7403771643133922
False,5,-354681.3402061856,5.702949537659675,6.235114096230828,15.708031775257737,0.7437726729101812
False,5,-354153.63917525776,1.3614301969125875,1.8265555992047622,15.761298049013762,0.7477836932635561
False,5,-353625.9381443299,3.261809353255206,3.6668385476341867,15.28357656609928,0.7436909456511073
False,5,-353098.23711340205,2.344066103694946,2.6959154824982883,15.18264170655128,0.7428317193905948
False,5,-352570.5360824742,2.210415264670749,2.515941565168767,15.09501051814218,0.7463981957270035
False,5,-352042.8350515464,0.7465184958861636,1.012431714783906,15.090590385031428,0.7524169993306005
False,5,-351515.13402061857,6.139371766937385,6.372219185192908,15.917795907897547,0.7411120547498169
False,5,-350987.43298969074,-0.4644290281583867,-0.25825395993675243,15.890624261902147,0.7215928631276767
False,5,-350459.73195876286,-2.634016536147077,-2.4484276469406283,15.973607708201941,0.7190967781407402
False,5,-349932.03092783503,-2.446749991127812,-2.2759154807211406,16.036901462877974,0.7214381526318134
False,5,-349404.3298969072,0.4184415612809844,0.5799515683307301,15.847282500396858,0.7398739357930721
False,5,-348876.6288659794,0.901820862158956,1.0591290220882148,15.660582143442213,0.7389451413779025
False,5,-348348.92783505155,0.33119765579938587,0.4890847512072517,15.59462629500099,0.7377210445310509
False,5,-347821.2268041237,0.8888112383325043,1.0516597523896323,15.53919410695602,0.745555073049879
False,5,-347293.5257731959,3.840930192062833,4.012723369984754,15.82604574152502,0.7458261543530081
False,5,-346765.8247422681,4.74118400006293,4.925495859925479,16.311885325015698,0.7537793526911966
False,5,-346238.1237113402,0.2560253093884466,0.4560066565703525,16.147945269998726,0.7458252560329685
False,5,-345710.42268041236,-1.1702462452657332,-0.9518584710658613,15.20569917170449,0.7513946742229433
False,5,-345182.72164948453,-3.90338073734088,-3.664268878032211,15.447657774169059,0.747813171472042
False,5,-344655.0206185567,-1.5709268983451252,-1.309227198004874,15.38487361004623,0.7514045722924659
False,5,-344127.3195876289,-2.8148135750086496,-2.5289650807828257,14.648721814574403,0.7343013925849311
False,5,-343599.61855670105,-2.159997275714779,-1.848863543126324,13.578358011612805,0.7118072444368264
False,5,-343071.91752577317,-1.579211940601413,-1.2420221692422386,12.358968961884868,0.6832683760693019
False,5,-342544.21649484534,1.7337198544326016,2.0973523837217085,11.19666813986784,0.6389373397047206
False,5,-342016.5154639175,-1.0336180395823165,-0.6434057049976513,10.040520069211107,0.6038081603943003
False,5,-341488.8144329897,2.3033362201261744,2.7198950004216993,9.530896237074511,0.5662975193731896
False,5,-340961.11340206186,-0.8294712876195875,-0.38704251897854935,8.829345833666736,0.5125085582658468
False,5,-340433.41237113404,0.2031802470772872,0.6706821936055903,7.869127239888004,0.451848734268098
False,5,-339905.7113402062,-4.181476730988629,-3.6899048608768052,7.496423037433491,0.4159205103658952
False,5,-339378.0103092783,-6.835821528469184,-6.321457725101055,8.475637430127742,0.46773461476184774
False,5,-338850.3092783505,-3.862911144392484,-3.3271975196740007,8.859420749620464,0.5161211727362012
False,5,-338322.6082474227,-4.5111803474669845,-3.955764069929175,9.27244421727778,0.5508237709659454
False,5,-337794.90721649484,-0.3007654132342794,0.2725446687614099,9.255399975589818,0.5500420503331059
False,5,-337267.206185567,-4.3764713456704065,-3.7871938520379103,9.651077116067404,0.5495582797495797
False,5,-336739.5051546392,-0.6718128227235387,-0.0686117511828146,9.652552096747227,0.562580086841641
False,5,-336211.8041237113,-0.5933616507128683,0.021574258464840623,9.344631110496811,0.5737932279943763
False,5,-335684.1030927835,1.1278896935151799,1.7523218280707535,9.36471834630204,0.5756788054706665
False,5,-335156.40206185565,-1.8987635951764252,-1.2671531290282714,9.321175251427801,0.5601305219641918
False,5,-334628.7010309278,2.090317027824223,2.726736285931349,9.027875410812614,0.5331211100808162
False,5,-334101.0,5.267227780287666,5.90605090921804,9.429296688155329,0.5426110872358689
False,6,-385288.0,-1.2156907781118775,-0.4001794198853924,,
False,6,-384760.2989690722,-5.123883345039546,-4.315755142957554,,
False,6,-384232.59793814435,-5.50599339570339,-4.712616333585234,,
False,6,-383704.8969072165,-4.030010486278963,-3.2586026180443914,,
False,6,-383177.19587628864,-5.738846572642176,-4.996410110714007,,
False,6,-382649.4948453608,-4.188025518718938,-3.4812816016365185,,
False,6,-382121.793814433,-5.961684501142831,-5.2970933091869075,,
False,6,-381594.09278350516,-5.091930475482969,-4.475541413487121,,
False,6,-381066.3917525773,-0.3054395260295961,0.25710412110808023,,
False,6,-380538.6907216495,-2.3325174889306144,-1.829003158824137,,
False,6,-380010.9896907217,-1.2441974834614338,-0.8043667025454541,,
False,6,-379483.2886597938,0.03558795307476137,0.40769584009888893,,
False,6,-378955.58762886596,2.3246883902317474,2.625593712152102,,
False,6,-378427.88659793814,-0.3040059657280425,-0.07712791363363414,,
False,6,-377900.1855670103,3.5118417140273293,3.6624781463291223,,
False,6,-377372.4845360825,-0.556932769385651,-0.4841093605111556,,
False,6,-376844.78350515466,1.399303334694408,1.393441863562242,,
False,6,-376317.08247422683,2.0805948017769738,1.995826927660641,,
False,6,-375789.38144329895,-2.640434772009406,-2.803711787733768,,
False,6,-375261.6804123711,-3.833471620503202,-4.074239741126307,,
False,6,-374733.9793814433,0.4160872099619519,0.09950785990144373,,
False,6,-374206.27835051547,-2.501988502950568,-2.8920994605967545,,
False,6,-373678.57731958764,0.4031783981313113,-0.05763899365938474,,
False,6,-373150.8762886598,2.2846602965977936,1.7564788252776242,,
False,6,-372623.175257732,5.822478861070234,5.2307900090390325,,
False,6,-372095.4742268041,8.767434187019205,8.116605156906868,,
False,6,-371567.7731958763,7.0092805509373655,6.304059586537252,,
False,6,-371040.07216494845,6.529516135079302,5.774974291023952,,
False,6,-370512.3711340206,3.7753718830603153,2.9769005075855235,,
False,6,-369984.6701030928,3.748873531436021,2.9121222748271816,,
False,6,-369456.96907216497,5.268076006764005,4.398833483494709,,
False,6,-368929.26804123714,4.182430038693948,3.286654080258236,,
False,6,-368401.56701030926,4.767685638410181,3.8513918124158666,,
False,6,-367873.86597938143,-0.7323802412956182,-1.6631999985084556,,
False,6,-367346.1649484536,-1.8989855842157108,-2.838344944610583,,
False,6,-366818.4639175258,-0.4311735417533089,-1.373290018077172,,
False,6,-366290.76288659795,7.517562373346645,6.578432255756715,,
False,6,-365763.0618556701,3.1138864820583096,2.1831524910148645,,
False,6,-365235.36082474224,3.131878087913843,2.214710394223553,,
False,6,-364707.6597938144,-6.843414110486522,-7.742266053018109,,
False,6,-364179.9587628866,-0.6960142958527138,-1.5721266976078034,,
False,6,-363652.25773195876,-1.2706391233404717,-2.120035669182818,,
False,6,-363124.55670103093,2.6602260855900917,1.8410762228303201,,
False,6,-362596.8556701031,2.5432827370520794,1.7573182035227093,,
False,6,-362069.1546391753,-0.3525319153778246,-1.1029215803674999,,
False,6,-361541.45360824745,3.4729849778627413,2.759957204002062,,
False,6,-361013.75257731957,4.229489170615344,3.555037886805825,,
False,6,-360486.05154639174,4.21695968001363,3.581672229664805,,
False,6,-359958.3505154639,7.002328568995647,6.406066452986057,13.231702726967244,0.5934629113393282
False,6,-359430.6494845361,4.231510184526565,3.6735084655256145,13.420851391817699,0.6065103886928846
False,6,-358902.94845360826,0.9648874781377716,0.4436999269958516,12.915464089938373,0.5832511990572354
False,6,-358375.24742268043,1.684046209235267,1.1975586776966753,12.305032152192355,0.5679029121958092
False,6,-357847.54639175255,1.0252309440366023,0.570673713870421,11.959654434966277,0.5507246626987985
False,6,-357319.8453608247,1.4155945475556981,0.9895955480773035,11.230295919201218,0.5288540600803036
False,6,-356792.1443298969,-1.732017227601756,-2.1334183344108837,11.016713918678553,0.49856784781112734
False,6,-356264.44329896907,-3.612979144948815,-3.994373643344265,10.709029830166868,0.4768273353506115
False,6,-355736.74226804124,-1.5103730572682297,-1.8768215609693346,10.25006108777384,0.4969788823006734
False,6,-355209.0412371134,1.7421662880337832,1.3851207450131662,10.236926483648526,0.49039858315980767
False,6,-354681.3402061856,-0.9782864007116239,-1.3319895316590604,10.181061193890931,0.48024937869349965
False,6,-354153.63917525776,-6.4327548916926265,-6.789577402811081,11.392597509187013,0.48692670567745444
False,6,-353625.9381443299,-4.56056547015383,-4.927270905786388,12.10513198337241,0.5301931823472715
False,6,-353098.23711340205,-6.459264339773712,-6.842967132196804,13.250538343697125,0.5678701007013258
False,6,-352570.5360824742,-5.819859630708379,-6.227822712319044,14.221239623638546,0.6101032549769126
False,6,-352042.8350515464,-5.63435770742519,-6.074075136946684,14.902345217447406,0.6437766318670013
False,6,-351515.13402061857,-6.409059834882756,-6.888082696148316,15.968201547638484,0.668563401770149
False,6,-350987.43298969074,-2.954594506135727,-3.4804381454959596,16.219369502166504,0.6733883779974513
False,6,-350459.73195876286,1.1945212520335646,0.6144246593215716,16.151700934201838,0.6775123052852633
False,6,-349932.03092783503,-0.09395089886181662,-0.735659972643606,15.987448653584963,0.6718886241433089
False,6,-349404.3298969072,-0.9130915694211672,-1.6235411057071523,15.677896568753264,0.679736413800121
False,6,-348876.6288659794,0.906677632062673,0.12068245416360357,15.677810352757916,0.6824160588494904
False,6,-348348.92783505155,-2.6179063988529303,-3.485926751366356,15.761712828943168,0.6799908142083431
False,6,-347821.2268041237,-3.310245113742792,-4.266318149698929,16.16766541110547,0.6884833515108527
False,6,-347293.5257731959,-2.3708649058190083,-3.4205821019896483,16.35948533212459,0.6966012484575826
False,6,-346765.8247422681,-2.9727982117617495,-4.121195641156811,16.107816031604855,0.6888339862731987
False,6,-346238.1237113402,-8.138725363697318,-9.390185113198163,16.305977662871666,0.668002285115965
False,6,-345710.42268041236,-4.618916284648946,-5.977218183081927,15.87996498468901,0.6620216143427229
False,6,-345182.72164948453,0.7725449578659909,-0.6957060763537017,14.963266026463693,0.6384224528931967
False,6,-344655.0206185567,1.5456795326358668,-0.03485151419254451,14.658549347295073,0.6302100605617914
False,6,-344127.3195876289,1.2920203415478095,-0.4023966162928212,14.34413776149628,0.6198582257672619
False,6,-343599.61855670105,0.605733034686049,-1.2034001102598226,13.711446123889468,0.6054591768771765
False,6,-343071.91752577317,3.550242115115664,1.626409814971922,13.459408821800906,0.5871007015302504
False,6,-342544.21649484534,4.029900556037668,1.9921436570981164,13.138337918004794,0.6089670091906615
False,6,-342016.5154639175,8.102312838505773,5.952280911457059,14.18818314840709,0.6167539046808945
False,6,-341488.8144329897,9.412895484648558,7.152955999791481,15.496071645942742,0.6479961777163155
False,6,-340961.11340206186,10.57800071330926,8.211325190678187,17.174826248305504,0.7090474598975142
False,6,-340433.41237113404,7.69464532993973,5.2251665721590435,16.802542203336273,0.7258579241860399
False,6,-339905.7113402062,8.588018049119263,6.020498515423846,17.566348334355837,0.7364285113103488
False,6,-339378.0103092783,3.6467548286587257,0.9866412963539712,17.451251906462456,0.7810324308477553
False,6,-338850.3092783505,5.465946531638267,2.7193159558449156,16.59817292827075,0.7966329024992197
False,6,-338322.6082474227,4.568645364386319,1.7422185549967741,16.66706917580003,0.7974990462507907
False,6,-337794.90721649484,4.375578142414608,1.4766472128183876,16.67031129274848,0.8071203361336362
False,6,-337267.206185567,2.232180092473037,-0.7314004777404017,16.57516019609474,0.8034175249534873
False,6,-336739.5051546392,0.13659546729926442,-2.8832977565159315,16.605422735270444,0.8057600220927431
False,6,-336211.8041237113,3.0404740316427015,-0.02702210765341917,16.599948334254467,0.8095359093327531
False,6,-335684.1030927835,3.8161326958813744,0.7101002489796904,16.413084919802742,0.8065159129749683
False,6,-335156.40206185565,5.201321522302054,2.066147437508686,16.2083937802871,0.8020048570122065
False,6,-334628.7010309278,6.4312287424088765,3.2764625910038316,16.158335871841235,0.8007588591014457
False,6,-334101.0,11.02063775127668,7.856040920703409,16.61910044512725,0.7947220777317129
False,8,-385288.0,-1.2156907781118775,1.9476947282521744,,
False,8,-384760.2989690722,-3.4193905223658247,-0.25468624745011503,,
False,8,-384232.59793814435,-2.3201455269145885,0.8472616440397513,,
False,8,-383704.8969072165,-5.514992464339866,-2.3436560924959364,,
False,8,-383177.19587628864,-4.816955153036705,-1.6405058440851037,,
False,8,-382649.4948453608,-6.27438361398549,-3.0918033950684256,,
False,8,-382121.793814433,-4.780420469364476,-1.5908009647536328,,
False,8,-381594.09278350516,-0.10980293234911365,3.087607795098584,,
False,8,-381066.3917525773,0.0503863641853827,3.2561165957679115,,
False,8,-380538.6907216495,2.1294194630248957,5.343804957017866,,
False,8,-380010.9896907217,1.4857011547830792,4.708782233947538,,
False,8,-379483.2886597938,-1.6196083569527229,1.612001450322686,,
False,8,-378955.58762886596,-3.3005729338130756,-0.06086726329338754,,
False,8,-378427.88659793814,-7.2644280166024835,-4.017329863744435,,
False,8,-377900.1855670103,-3.5096517077594496,-0.25612495463025375,,
False,8,-377372.4845360825,-1.4690962612630716,1.7895431362406935,,
False,8,-376844.78350515466,-0.7926972047330656,2.469498902247297,,
False,8,-376317.08247422683,-3.2010040718155732,0.0629662781887168,,
False,8,-375789.38144329895,-2.2816441468242252,0.982027770742727,,
False,8,-375261.6804123711,-3.7931781021250233,-0.5320727822740223,,
False,8,-374733.9793814433,-4.947814956026267,-1.6918061596476113,,
False,8,-374206.27835051547,0.8304893758859251,4.078645091651313,,
False,8,-373678.57731958764,-0.4874645375677137,2.7499631386684222,,
False,8,-373150.8762886598,-3.974213480512085,-0.7505673720505053,,
False,8,-372623.175257732,-4.504928532775535,-1.2982426088811136,,
False,8,-372095.4742268041,-1.69307992687304,1.4933427179992456,,
False,8,-371567.7731958763,-11.093081300521574,-7.930278208319027,,
False,8,-371040.07216494845,-11.325998406061768,-8.1901442395225,,
False,8,-370512.3711340206,-12.858454609505486,-9.752925478601673,,
False,8,-369984.6701030928,-7.979995567491204,-4.90818248565569,,
False,8,-369456.96907216497,-10.088785144723069,-7.053979865186495,,
False,8,-368929.26804123714,-10.785743018866729,-7.791206887386554,,
False,8,-368401.56701030926,-4.336304076989581,-1.3851108704446355,,
False,8,-367873.86597938143,-4.367079480138326,-1.4620939866021279,,
False,8,-367346.1649484536,-2.776335512484671,0.07966186827204247,,
False,8,-366818.4639175258,-4.146567431369272,-1.3421227358773278,,
False,8,-366290.76288659795,-3.503241985130615,-0.7527135502618236,,
False,8,-365763.0618556701,-0.18705331457147256,2.50736197217483,,
False,8,-365235.36082474224,-0.5082787469548093,2.1281178989436054,,
False,8,-364707.6597938144,-4.001172450090213,-1.4245045071946523,,
False,8,-364179.9587628866,-3.544395738205674,-1.0289009413898818,,
False,8,-363652.25773195876,0.20739630737706571,2.660499265103139,,
False,8,-363124.55670103093,-2.1651352096948515,0.22456185743232826,,
False,8,-362596.8556701031,0.6414612141954936,2.9669725825113673,,
False,8,-362069.1546391753,7.336203478278511,9.596978782670174,,
False,8,-361541.45360824745,5.15110260437676,7.346842821826073,,
False,8,-361013.75257731957,7.785455543204698,9.915931038840291,,
False,8,-360486.05154639174,4.372764081906201,6.437994231380734,,
False,8,-359958.3505154639,-2.041478002194693,-0.041317275501037365,17.440829404431465,0.7090074980521512
False,8,-359430.6494845361,-1.061581756709337,0.8738154425022115,17.384248289524553,0.7108845012281354
False,8,-358902.94845360826,-1.6770517205914302,0.1939333947857016,17.381066328974644,0.7113074214489551
False,8,-358375.24742268043,-3.3359740390264117,-1.5289470065345696,17.42671168389915,0.7149730040129623
False,8,-357847.54639175255,-2.3234639751708626,-0.57984691112747,17.310911470710032,0.7136897375528413
False,8,-357319.8453608247,-8.20124352580905,-6.520438875541754,18.157296658619895,0.6996012567494585
False,8,-356792.1443298969,-5.654271502377158,-4.035746653460316,18.2983564942905,0.7054577741191776
False,8,-356264.44329896907,-3.4017493751826606,-1.8448801876937388,18.316653622232547,0.7167877575873239
False,8,-355736.74226804124,-6.0473438162662845,-4.5515103776526615,18.527331366582843,0.7133401136783362
False,8,-355209.0412371134,-2.6737040852165306,-1.2383213960476054,18.302090848562845,0.70559556006134
False,8,-354681.3402061856,-4.055557201048171,-2.679993836387119,17.749279710377376,0.6954838410413458
False,8,-354153.63917525776,-4.121855622363699,-2.805526534416633,17.300992059161576,0.6969040142756044
False,8,-353625.9381443299,-1.570201440718155,-0.3125763084303024,17.20266307552723,0.694616913133485
False,8,-353098.23711340205,-2.529883041168861,-1.3304844714403044,17.20724458742958,0.7015039110419905
False,8,-352570.5360824742,-1.7610187115674532,-0.6193295475843061,16.962166945075033,0.7076950601136566
False,8,-352042.8350515464,1.983937295134743,3.068367829960642,17.228801847323645,0.7033108111787622
False,8,-351515.13402061857,6.272262105357058,7.299853990631365,18.370653617804315,0.7040149251938886
False,8,-350987.43298969074,3.7290354185678063,4.7002019257600605,18.736346182732557,0.7161458009667663
False,8,-350459.73195876286,1.9770733670475358,2.892159516112481,18.94565287562863,0.7199126371624147
False,8,-349932.03092783503,0.9442258131346624,1.8036190761032382,19.002258903439245,0.7225118446916725
False,8,-349404.3298969072,-4.7842615600170735,-3.9801876512988046,19.28509045394122,0.7074473341730902
False,8,-348876.6288659794,-2.3912235662046095,-1.6421099474982201,19.282305913889072,0.7219944196484861
False,8,-348348.92783505155,-2.0992720905761564,-1.4046692023071605,18.89055932398808,0.7185161027316566
False,8,-347821.2268041237,-3.167604929477878,-2.5270538380005076,18.758874116369373,0.7236168306051646
False,8,-347293.5257731959,-2.8439472311233702,-2.2569049918220996,18.818315795563063,0.7246875417923703
False,8,-346765.8247422681,-6.156940040866155,-5.622814536943404,19.33084221309122,0.7267952930820174
False,8,-346238.1237113402,-1.6186518330663233,-1.1368020196780892,19.236002847043725,0.7603644810981505
False,8,-345710.42268041236,0.40863991391852794,0.8389429886266484,18.16865163327355,0.7428167613767042
False,8,-345182.72164948453,-4.123353004039337,-3.74374033671584,17.153889086915573,0.7081373578209441
False,8,-344655.0206185567,1.8463783936867908,2.1762587447003354,15.431219529084052,0.6805552339221428
False,8,-344127.3195876289,1.0229305247127196,1.3041907023011634,15.000346848422465,0.6690929756635469
False,8,-343599.61855670105,5.1714991396934975,5.4053872786537,14.544852805633296,0.6365834508481429
False,8,-343071.91752577317,1.4277982345897886,1.6156494240610717,13.22632204236866,0.6436067209171391
False,8,-342544.21649484534,2.9197979144909096,3.0631468020958827,13.304427914591928,0.6425817970160531
False,8,-342016.5154639175,2.8546678569227413,2.9551902352331125,13.348320184786258,0.6467020531648201
False,8,-341488.8144329897,-0.26606501510680447,-0.20660850192070473,13.355640345359516,0.6410607390207758
False,8,-340961.11340206186,5.782701826979465,5.803028049813362,13.835031837444253,0.6202377201084447
False,8,-340433.41237113404,-1.3378950365366196,-1.3546120780461173,13.878685656769948,0.5963030305258602
False,8,-339905.7113402062,-5.305890228984671,-5.357450237758843,14.542486068456887,0.5953575338335942
False,8,-339378.0103092783,-5.355680374306214,-5.439747571393603,15.204335544700191,0.6217745495525501
False,8,-338850.3092783505,-5.792595737201505,-5.906695989585359,15.948706411333957,0.6392578893294734
False,8,-338322.6082474227,1.3814829546180736,1.2399872214789192,15.930553108577742,0.6218756413592323
False,8,-337794.90721649484,5.101005879865333,4.934898630173374,16.257855523168622,0.6212567756128025
False,8,-337267.206185567,3.4396614017782197,3.2517795161458833,16.426893603042064,0.6294409350454122
False,8,-336739.5051546392,2.5201364110082833,2.3133826599815697,16.36649284372459,0.6400374687059011
False,8,-336211.8041237113,0.7266478534240013,0.5040799209937887,14.57529101935034,0.6048258487881367
False,8,-335684.1030927835,-0.1311064116718208,-0.36641374429911217,13.502211645105618,0.5625184845679954
False,8,-335156.40206185565,2.4261781494668675,2.1812769166830592,11.550843561128362,0.507756501485365
False,8,-334628.7010309278,3.107942371875783,2.856613026920514,10.839177575124639,0.533700433699283
False,8,-334101.0,0.2699508700158795,0.015415280845031909,10.83951990021812,0.5302488545109881
False,7,-385288.0,-1.2156907781118775,-5.655754572286591,,
False,7,-384760.2989690722,1.3485313267236254,-3.0888342907906043,,
False,7,-384232.59793814435,4.9272597510198555,0.49532406643238946,,
False,7,-383704.8969072165,5.875846276156704,1.4520904482350057,,
False,7,-383177.19587628864,8.35823746871011,3.945364639550247,,
False,7,-382649.4948453608,5.442100053293111,1.0427816361364837,,
False,7,-382121.793814433,4.021405719729131,-0.3616587991443785,,
False,7,-381594.09278350516,2.2580943670526104,-2.1060804184962727,,
False,7,-381066.3917525773,2.324958518323652,-2.0176251008073383,,
False,7,-380538.6907216495,4.140803807651508,-0.17753914999951803,,
False,7,-380010.9896907217,6.703288430750097,2.411815804802994,,
False,7,-379483.2886597938,6.234148818902337,1.9722021481164562,,
False,7,-378955.58762886596,6.041999602208759,1.8121541510205672,,
False,7,-378427.88659793814,3.6133666373979745,-0.5818356961315807,,
False,7,-377900.1855670103,11.294070930490847,7.136015014266401,,
False,7,-377372.4845360825,11.415882707367972,7.297397993761152,,
False,7,-376844.78350515466,9.235816744698138,5.1593108918935116,,
False,7,-376317.08247422683,9.655962534132126,5.623814356707506,,
False,7,-375789.38144329895,5.531608947284549,1.546007552755169,,
False,7,-375261.6804123711,2.2726202548866388,-1.664266960392467,,
False,7,-374733.9793814433,2.9964517615667106,-0.8896718970691899,,
False,7,-374206.27835051547,-2.3212812808157754,-6.15466935488707,,
False,7,-373678.57731958764,1.7324774462558516,-2.0462874198124963,,
False,7,-373150.8762886598,2.8533598795567237,-0.8690830239356018,,
False,7,-372623.175257732,3.247582262924052,-0.4168670191426038,,
False,7,-372095.4742268041,5.767980521643485,2.1630193385076844,,
False,7,-371567.7731958763,6.11761890252255,2.573523097638116,,
False,7,-371040.07216494845,2.695532003369712,-0.7863968736450269,,
False,7,-370512.3711340206,-0.5633628112958542,-3.9819899451158323,,
False,7,-369984.6701030928,-2.287008724918679,-5.641324155161717,,
False,7,-369456.96907216497,1.0564288775171977,-2.232716139537435,,
False,7,-368929.26804123714,-3.81641868294139,-7.039771855654802,,
False,7,-368401.56701030926,-2.7235916688367356,-5.880621363135771,,
False,7,-367873.86597938143,2.459817623418828,-0.6304523215985265,,
False,7,-367346.1649484536,5.040760544651306,2.017531703946013,,
False,7,-366818.4639175258,12.160015942977843,9.203993406220409,,
False,7,-366290.76288659795,10.977277756886412,8.088492455918551,,
False,7,-365763.0618556701,10.110128586078364,7.28842921196272,,
False,7,-365235.36082474224,10.979354447479048,8.224516551307786,,
False,7,-364707.6597938144,6.935161886135754,4.246843321854715,,
False,7,-364179.9587628866,3.546373950271598,0.9240692587043489,,
False,7,-363652.25773195876,-0.4857702979284073,-3.0425754998016497,,
False,7,-363124.55670103093,-3.151816493019319,-5.643780783565169,,
False,7,-362596.8556701031,-2.4451271066881604,-4.872947881241924,,
False,7,-362069.1546391753,2.550633712374582,0.1862565573300623,,
False,7,-361541.45360824745,3.390614562407168,1.088825371779401,,
False,7,-361013.75257731957,0.24856305951181534,-1.9914887584748966,,
False,7,-360486.05154639174,-0.9306035880606184,-3.109770757775604,,
False,7,-359958.3505154639,-4.4453416385971325,-6.564528468206078,17.879865977011953,0.7252859643980201
False,7,-359430.6494845361,-3.7822208158642883,-5.842389604902162,17.925899833989053,0.7352591622991578
False,7,-358902.94845360826,0.38794560584851157,-1.6141917505971728,17.770126841094836,0.7367383453249285
False,7,-358375.24742268043,-4.205145878144793,-6.150231463416398,18.589302892653368,0.7324128011067256
False,7,-357847.54639175255,4.163334551640418,2.2743773721416325,18.6506902654462,0.6991278306933004
False,7,-357319.8453608247,2.1035834958821003,0.2698133066920241,18.334412648869183,0.6996512699747088
False,7,-356792.1443298969,-0.797896433781053,-2.5773342822147867,18.4453153615051,0.6971333912308293
False,7,-356264.44329896907,2.2559637590448656,0.5299470650374309,18.45066571502339,0.6938177107055231
False,7,-355736.74226804124,0.9776802278670986,-0.695753688587524,18.37048094482179,0.6915885062867257
False,7,-355209.0412371134,7.094016188109315,5.4723413949913615,18.892570595886703,0.6770005447500217
False,7,-354681.3402061856,5.478117834287659,3.9073483735312347,19.180616547293226,0.6856555206711883
False,7,-354153.63917525776,4.613649155594594,3.0929942972841906,19.2524589597785,0.6878247140682684
False,7,-353625.9381443299,5.848671502711285,4.377331458835181,19.545293130088673,0.6903963431920226
False,7,-353098.23711340205,5.766720136500006,4.343890690779434,19.83802263536162,0.6986121078866689
False,7,-352570.5360824742,2.6923767942274726,1.3173506777982045,19.839565531762073,0.7211526103047244
False,7,-352042.8350515464,2.0173805627176833,0.6894335853842315,18.869659529278184,0.7058288560021511
False,7,-351515.13402061857,-2.129270556358487,-3.410859834830912,18.059195877199944,0.6872935664311551
False,7,-350987.43298969074,-2.7482496340144,-3.9841647542754677,17.806480411236446,0.6810045856842911
False,7,-350459.73195876286,-1.2441098105083852,-2.435074802166673,17.186730254669673,0.6850602746589675
False,7,-349932.03092783503,-3.4056698600637425,-4.552375969259456,17.468126886042636,0.691647118956842
False,7,-349404.3298969072,-0.10333623145206428,-1.2065187090078526,17.44939584904505,0.6881359933219933
False,7,-348876.6288659794,2.2861738972514347,1.2257549885288546,17.50184949952759,0.6964014168817617
False,7,-348348.92783505155,7.4695801728390485,6.4512162134393405,17.725138089180934,0.6921976444613163
False,7,-347821.2268041237,4.388139537909471,3.410970712662732,17.901331000109817,0.6961660476059377
False,7,-347293.5257731959,1.7998232278711674,0.8630203885120427,17.902495092933822,0.6944130314401006
False,7,-346765.8247422681,-0.7359138853738376,-1.6332577880380028,17.953743856262168,0.6945185736428786
False,7,-346238.1237113402,-1.2791613237312216,-2.138021041631907,17.938923534987165,0.6935904750728852
False,7,-345710.42268041236,1.8882435970892901,1.0668698218517294,17.816529454074622,0.6935772527501987
False,7,-345182.72164948453,1.1259806310010951,0.3410358943610864,17.812332125350903,0.6969912550906513
False,7,-344655.0206185567,-2.6881761118688328,-3.4377819442820883,17.730845756859072,0.6835190086515899
False,7,-344127.3195876289,0.2850246930323781,-0.4303822137995731,17.084188256066312,0.680223518265737
False,7,-343599.61855670105,-0.7236670357418916,-1.4060918610332631,17.021383247884263,0.6840925621781064
False,7,-343071.91752577317,-3.035580429030142,-3.686358739681932,16.265498858430284,0.6661541508392228
False,7,-342544.21649484534,2.2369632272630833,1.6164344628446097,15.550302639647064,0.6610985517112066
False,7,-342016.5154639175,0.5923476199833031,0.0006094685428104096,15.53570158891909,0.663599189226882
False,7,-341488.8144329897,0.638921711716651,0.0744582421516291,15.469393425518591,0.6822129323910734
False,7,-340961.11340206186,2.416693317218076,1.8779694130886795,13.81841936522946,0.6426809566565806
False,7,-340433.41237113404,-0.6386537596789141,-1.1532394276256155,12.469017706329034,0.5987416609787475
False,7,-339905.7113402062,0.09589167641301499,-0.3962356105555985,11.298556425192686,0.5485362032825493
False,7,-339378.0103092783,2.0328008587060693,1.5614626427645473,9.841355068440043,0.5132297279137497
False,7,-338850.3092783505,-0.053738635837080384,-0.5060389552031088,9.377420091143856,0.5094975742038639
False,7,-338322.6082474227,1.064664879146261,0.6296952807666845,9.361466816035106,0.5220070273818617
False,7,-337794.90721649484,-1.7346987824236297,-2.1541574832419865,9.28444627717218,0.5047963762975511
False,7,-337267.206185567,-8.519205949975689,-8.925059545759158,10.206252291998942,0.4703327412824065
False,7,-336739.5051546392,-4.315270244146435,-4.709380545719584,10.17751062055767,0.5162001027877559
False,7,-336211.8041237113,-1.9117437210114105,-2.2960549545198656,10.224808838786323,0.5190261507941416
False,7,-335684.1030927835,0.19897458148174652,-0.1775043540867397,10.167216548753442,0.5231229962404539
False,7,-335156.40206185565,4.439027128914587,4.068418818747962,10.577624584242576,0.5135327273856246
False,7,-334628.7010309278,3.6667302869340532,3.3000032720131927,10.725800592623896,0.5211489282309858
False,7,-334101.0,4.669237479951726,4.304471008648432,10.34237567861634,0.5016178700802827
False,9,-385288.0,-1.2156907781118775,-1.8188536526702674,,
False,9,-384760.2989690722,-0.8040170695115472,-1.4066039481460721,,
False,9,-384232.59793814435,-1.1728618809541524,-1.774370147020962,,
False,9,-383704.8969072165,3.864265190755382,3.2643385764608572,,
False,9,-383177.19587628864,4.708731982643741,4.110776907996375,,
False,9,-382649.4948453608,-1.310117204434437,-1.9057228067199583,,
False,9,-382121.793814433,1.9970044897188626,1.4040446905456214,,
False,9,-381594.09278350516,2.794159449800019,2.203964351213498,,
False,9,-381066.3917525773,-0.3104938092355263,-0.8979560747254269,,
False,9,-380538.6907216495,3.3786011808253478,2.7937407725751546,,
False,9,-380010.9896907217,-3.963009236702293,-4.54553325021005,,
False,9,-379483.2886597938,-1.2824106624298843,-1.86312326501553,,
False,9,-378955.58762886596,-2.212078772869741,-2.7915662540386545,,
False,9,-378427.88659793814,2.871147172913806,2.2921233133177523,,
False,9,-377900.1855670103,3.4271576538328414,2.84769360267319,,
False,9,-377372.4845360825,6.483174660627528,5.902207273075253,,
False,9,-376844.78350515466,5.278671004501447,4.69499252124196,,
False,9,-376317.08247422683,3.3436263194416806,2.755881098357448,,
False,9,-375789.38144329895,2.3172528237362093,1.7240077301303618,,
False,9,-375261.6804123711,1.1314158890713437,0.5311491551600862,,
False,9,-374733.9793814433,-0.5069913813139455,-1.1158772603356963,,
False,9,-374206.27835051547,-1.0035737343666684,-1.6226760979303263,,
False,9,-373678.57731958764,-0.3288414021434454,-0.9597617778018768,,
False,9,-373150.8762886598,-2.822981375425102,-3.4673769556066287,,
False,9,-372623.175257732,-3.4804263896571985,-4.139871700007695,,
False,9,-372095.4742268041,-3.5476002229292334,-4.22352275505513,,
False,9,-371567.7731958763,-8.516215898805925,-9.209978241400092,,
False,9,-371040.07216494845,-4.5428780415492795,-5.255783644818928,,
False,9,-370512.3711340206,-1.1210913879113922,-1.8542019262181904,,
False,9,-369984.6701030928,-1.6707516681562455,-2.4249399038783728,,
False,9,-369456.96907216497,-3.345163837609083,-4.121114758353194,,
False,9,-368929.26804123714,-0.5877878199725368,-1.3859336777604145,,
False,9,-368401.56701030926,-5.654136428966597,-6.474644866626773,,
False,9,-367873.86597938143,-3.588295523105768,-4.431080808920501,,
False,9,-367346.1649484536,3.320436121340346,2.4557422128942537,,
False,9,-366818.4639175258,4.350597603261507,3.4646818998352695,,
False,9,-366290.76288659795,2.8761098891941335,1.96996395441902,,
False,9,-365763.0618556701,0.9814151342674831,0.056347036920157634,,
False,9,-365235.36082474224,2.649126063326226,1.7067255660071847,,
False,9,-364707.6597938144,2.8516641701908245,1.8938351866696577,,
False,9,-364179.9587628866,0.9642563412773781,-0.006802507835070082,,
False,9,-363652.25773195876,6.121960555420827,5.1401212174265085,,
False,9,-363124.55670103093,9.764383868936449,8.774493535405634,,
False,9,-362596.8556701031,8.802812262617357,7.807840706057284,,
False,9,-362069.1546391753,6.296406773960552,5.299551283856458,,
False,9,-361541.45360824745,7.153324253210787,6.157987297965741,,
False,9,-361013.75257731957,4.165817481320469,3.175619074202492,,
False,9,-360486.05154639174,0.41699104512647756,-0.5643673088548666,,
False,9,-359958.3505154639,5.525909126596163,4.55725975370881,14.68581860476936,0.6668235429952815
False,9,-359430.6494845361,2.7621317797636467,1.8102289860713274,14.621787296647438,0.6637326204150922
False,9,-358902.94845360826,-0.8538844357724003,-1.78495164149576,14.654074396822901,0.6540295203155281
False,9,-358375.24742268043,0.3608931887395034,-0.5451544713857664,14.571063537874224,0.6697134222789767
False,9,-357847.54639175255,1.7698725236650943,0.8930813892383846,14.410078076842709,0.6637340568338969
False,9,-357319.8453608247,-1.7328703305437643,-2.57623091608888,14.295740693480488,0.6788105219417584
False,9,-356792.1443298969,-0.6377690563151511,-1.4434905770252398,14.25783766842948,0.6872644822108942
False,9,-356264.44329896907,2.011773086779347,1.247903944604751,14.251140150680937,0.682095132268913
False,9,-355736.74226804124,1.2082478930515774,0.49037546187720493,14.174761708769722,0.6878050379517501
False,9,-355209.0412371134,0.38787220888469365,-0.2799110999362985,14.152738926058113,0.6958402313560735
False,9,-354681.3402061856,4.232528780177433,3.618930626729311,14.25332100586393,0.721489129150246
False,9,-354153.63917525776,1.2480295600513407,0.6925455764987183,13.758028201739855,0.7157288677939434
False,9,-353625.9381443299,-2.536908442488615,-3.0304399723979203,13.895731439702104,0.7049504785150522
False,9,-353098.23711340205,-6.326917473317463,-6.754792170818236,14.738778944378614,0.7258878295159001
False,9,-352570.5360824742,-4.10998463706874,-4.46865607315115,15.108052296440256,0.733408156731016
False,9,-352042.8350515464,-7.177813819873155,-7.4638346069676285,16.12050491090404,0.7417349166757498
False,9,-351515.13402061857,1.961767740633726,1.7517119032632404,15.441531194152667,0.6818430688036181
False,9,-350987.43298969074,1.2851934571732055,1.1542815394464758,14.983852182818145,0.6779922098379956
False,9,-350459.73195876286,-0.551238029601246,-0.6000859104364467,14.798446148784263,0.6740840341624137
False,9,-349932.03092783503,1.6127154947411864,1.6487228509093832,14.792268394620367,0.6712539096380236
False,9,-349404.3298969072,1.0614561203106334,1.1848619982430588,14.823187343523273,0.6741278034925238
False,9,-348876.6288659794,-4.255811543225375,-4.042739143522539,15.10111478680365,0.658416829275525
False,9,-348348.92783505155,-0.3263875557332412,-0.021538595041865505,15.067207298828558,0.6502752676956244
False,9,-347821.2268041237,4.273445160843731,4.6718670344238715,15.559060912806904,0.6434818455226926
False,9,-347293.5257731959,5.1086526396925676,5.602102407501646,15.996438082766417,0.6502166214367755
False,9,-346765.8247422681,5.911218668432763,6.500885533613454,16.470582852032205,0.6579544692758602
False,9,-346238.1237113402,6.622860562022118,7.309656003739125,17.04998977393239,0.6704009707982268
False,9,-345710.42268041236,2.050263438670097,2.83469957104211,15.1601909123211,0.6456466444675314
False,9,-345182.72164948453,5.5261377420273625,6.4083644262973865,15.0418119708569,0.6424868281391543
False,9,-344655.0206185567,2.332996527720214,3.312798165219111,14.985338025279669,0.6392902944281148
False,9,-344127.3195876289,3.4544749972819364,4.531243501617155,14.96731979078236,0.6346606372600184
False,9,-343599.61855670105,-4.352920181451397,-3.1802338919657207,14.777317746251663,0.5950269672756018
False,9,-343071.91752577317,-5.37661509931749,-4.109500409495783,15.222782776561054,0.6080114049145434
False,9,-342544.21649484534,-2.88163935174187,-1.5219486894843246,14.149956073928736,0.5893645508914693
False,9,-342016.5154639175,-0.5679064810649823,0.8819948698547322,13.468166416318851,0.6131084548487105
False,9,-341488.8144329897,-1.2334456962482239,0.30383527090626594,13.464371566314762,0.612361260976327
False,9,-340961.11340206186,-5.501059584500069,-3.8796307813425575,13.907490489849673,0.6076054810224428
False,9,-340433.41237113404,-2.958440826453024,-1.2566423070080126,14.011822483434983,0.6133483855899154
False,9,-339905.7113402062,-3.0569506978704695,-1.2789382477201763,14.106262990784606,0.618288689720502
False,9,-339378.0103092783,-5.956710790247771,-4.107085183746277,14.64243644990686,0.6214604368334045
False,9,-338850.3092783505,-4.837089775062008,-2.9207906370129657,14.926945300513367,0.6329655082399246
False,9,-338322.6082474227,-3.0057590142225115,-1.0281823049378431,14.984937818241603,0.6491765939996046
False,9,-337794.90721649484,-1.6874062904589024,0.34564548645534776,14.59398133283266,0.6375743736073591
False,9,-337267.206185567,-3.0798586691916845,-0.9974564917129425,13.270164299751487,0.6017318567608043
False,9,-336739.5051546392,-3.441802495534696,-1.3165152414162375,12.205173053276498,0.5803984937788749
False,9,-336211.8041237113,-3.3701267050316193,-1.2086794792742044,11.727750953485511,0.5597879811106637
False,9,-335684.1030927835,-4.3725193878140844,-2.1818425133788075,11.083253333668631,0.550279848236074
False,9,-335156.40206185565,-8.553268328245013,-6.3404744616999755,11.691327558938488,0.5618287461788424
False,9,-334628.7010309278,-8.759630545786887,-6.532027009582828,12.52216541082469,0.6074777768870505
False,9,-334101.0,-3.282433587460967,-1.0473888476710282,12.0364628550708,0.5897880831039484
